episode,seed,use_prev_action,return,phase
1,0,0,40.0,A
2,0,0,60.0,A
3,0,0,70.0,A
4,0,0,35.0,A
5,0,0,49.0,A
6,0,0,45.0,A
7,0,0,31.0,A
8,0,0,21.0,A
9,0,0,77.0,A
10,0,0,29.0,A
11,0,0,26.0,A
12,0,0,42.0,A
13,0,0,50.0,A
14,0,0,47.0,A
15,0,0,51.0,A
16,0,0,54.0,A
17,0,0,78.0,A
18,0,0,39.0,A
19,0,0,50.0,A
20,0,0,30.0,A
21,0,0,41.0,A
22,0,0,31.0,A
23,0,0,39.0,A
24,0,0,24.0,A
25,0,0,34.0,A
26,0,0,65.0,A
27,0,0,41.0,A
28,0,0,26.0,A
29,0,0,39.0,A
30,0,0,33.0,A
31,0,0,22.0,A
32,0,0,32.0,A
33,0,0,34.0,A
34,0,0,34.0,A
35,0,0,34.0,A
36,0,0,42.0,A
37,0,0,35.0,A
38,0,0,32.0,A
39,0,0,25.0,A
40,0,0,26.0,A
41,0,0,42.0,A
42,0,0,60.0,A
43,0,0,35.0,A
44,0,0,29.0,A
45,0,0,32.0,A
46,0,0,80.0,A
47,0,0,65.0,A
48,0,0,28.0,A
49,0,0,27.0,A
50,0,0,30.0,A
51,0,0,41.0,A
52,0,0,27.0,A
53,0,0,53.0,A
54,0,0,60.0,A
55,0,0,45.0,A
56,0,0,41.0,A
57,0,0,47.0,A
58,0,0,56.0,A
59,0,0,39.0,A
60,0,0,31.0,A
61,0,0,49.0,A
62,0,0,32.0,A
63,0,0,76.0,A
64,0,0,25.0,A
65,0,0,42.0,A
66,0,0,100.0,A
67,0,0,26.0,A
68,0,0,53.0,A
69,0,0,46.0,A
70,0,0,76.0,A
71,0,0,58.0,A
72,0,0,35.0,A
73,0,0,33.0,A
74,0,0,47.0,A
75,0,0,24.0,A
76,0,0,50.0,A
77,0,0,54.0,A
78,0,0,51.0,A
79,0,0,41.0,A
80,0,0,25.0,A
81,0,0,51.0,A
82,0,0,30.0,A
83,0,0,25.0,A
84,0,0,29.0,A
85,0,0,38.0,A
86,0,0,28.0,A
87,0,0,22.0,A
88,0,0,43.0,A
89,0,0,36.0,A
90,0,0,32.0,A
91,0,0,65.0,A
92,0,0,36.0,A
93,0,0,35.0,A
94,0,0,51.0,A
95,0,0,52.0,A
96,0,0,28.0,A
97,0,0,44.0,A
98,0,0,48.0,A
99,0,0,29.0,A
100,0,0,31.0,A
101,0,0,58.0,A
102,0,0,29.0,A
103,0,0,20.0,A
104,0,0,61.0,A
105,0,0,32.0,A
106,0,0,92.0,A
107,0,0,43.0,A
108,0,0,90.0,A
109,0,0,35.0,A
110,0,0,32.0,A
111,0,0,30.0,A
112,0,0,48.0,A
113,0,0,41.0,A
114,0,0,39.0,A
115,0,0,27.0,A
116,0,0,27.0,A
117,0,0,26.0,A
118,0,0,36.0,A
119,0,0,50.0,A
120,0,0,63.0,A
121,0,0,36.0,A
122,0,0,28.0,A
123,0,0,59.0,A
124,0,0,31.0,A
125,0,0,47.0,A
126,0,0,37.0,A
127,0,0,32.0,A
128,0,0,35.0,A
129,0,0,45.0,A
130,0,0,55.0,A
131,0,0,23.0,A
132,0,0,53.0,A
133,0,0,33.0,A
134,0,0,63.0,A
135,0,0,34.0,A
136,0,0,24.0,A
137,0,0,33.0,A
138,0,0,39.0,A
139,0,0,25.0,A
140,0,0,31.0,A
141,0,0,40.0,A
142,0,0,26.0,A
143,0,0,26.0,A
144,0,0,37.0,A
145,0,0,45.0,A
146,0,0,24.0,A
147,0,0,39.0,A
148,0,0,30.0,A
149,0,0,51.0,A
150,0,0,22.0,A
151,0,0,26.0,A
152,0,0,22.0,A
153,0,0,29.0,A
154,0,0,20.0,A
155,0,0,27.0,A
156,0,0,34.0,A
157,0,0,20.0,A
158,0,0,34.0,A
159,0,0,63.0,A
160,0,0,31.0,A
161,0,0,23.0,A
162,0,0,24.0,A
163,0,0,34.0,A
164,0,0,35.0,A
165,0,0,32.0,A
166,0,0,51.0,A
167,0,0,94.0,A
168,0,0,28.0,A
169,0,0,32.0,A
170,0,0,36.0,A
171,0,0,27.0,A
172,0,0,24.0,A
173,0,0,30.0,A
174,0,0,41.0,A
175,0,0,27.0,A
176,0,0,25.0,A
177,0,0,71.0,A
178,0,0,39.0,A
179,0,0,23.0,A
180,0,0,31.0,A
181,0,0,39.0,A
182,0,0,53.0,A
183,0,0,47.0,A
184,0,0,88.0,A
185,0,0,29.0,A
186,0,0,40.0,A
187,0,0,38.0,A
188,0,0,22.0,A
189,0,0,24.0,A
190,0,0,54.0,A
191,0,0,43.0,A
192,0,0,34.0,A
193,0,0,26.0,A
194,0,0,35.0,A
195,0,0,46.0,A
196,0,0,27.0,A
197,0,0,38.0,A
198,0,0,45.0,A
199,0,0,31.0,A
200,0,0,20.0,A
201,0,0,33.0,B
202,0,0,41.0,B
203,0,0,45.0,B
204,0,0,28.0,B
205,0,0,26.0,B
206,0,0,30.0,B
207,0,0,24.0,B
208,0,0,26.0,B
209,0,0,20.0,B
210,0,0,45.0,B
211,0,0,22.0,B
212,0,0,27.0,B
213,0,0,56.0,B
214,0,0,37.0,B
215,0,0,53.0,B
216,0,0,66.0,B
217,0,0,66.0,B
218,0,0,49.0,B
219,0,0,38.0,B
220,0,0,68.0,B
221,0,0,36.0,B
222,0,0,34.0,B
223,0,0,30.0,B
224,0,0,24.0,B
225,0,0,22.0,B
226,0,0,32.0,B
227,0,0,23.0,B
228,0,0,70.0,B
229,0,0,28.0,B
230,0,0,26.0,B
231,0,0,35.0,B
232,0,0,40.0,B
233,0,0,24.0,B
234,0,0,34.0,B
235,0,0,52.0,B
236,0,0,29.0,B
237,0,0,28.0,B
238,0,0,27.0,B
239,0,0,25.0,B
240,0,0,38.0,B
241,0,0,26.0,B
242,0,0,32.0,B
243,0,0,48.0,B
244,0,0,36.0,B
245,0,0,33.0,B
246,0,0,62.0,B
247,0,0,49.0,B
248,0,0,35.0,B
249,0,0,42.0,B
250,0,0,44.0,B
251,0,0,35.0,B
252,0,0,37.0,B
253,0,0,35.0,B
254,0,0,32.0,B
255,0,0,37.0,B
256,0,0,28.0,B
257,0,0,34.0,B
258,0,0,37.0,B
259,0,0,30.0,B
260,0,0,27.0,B
261,0,0,36.0,B
262,0,0,57.0,B
263,0,0,28.0,B
264,0,0,30.0,B
265,0,0,31.0,B
266,0,0,26.0,B
267,0,0,38.0,B
268,0,0,23.0,B
269,0,0,38.0,B
270,0,0,26.0,B
271,0,0,44.0,B
272,0,0,46.0,B
273,0,0,33.0,B
274,0,0,30.0,B
275,0,0,37.0,B
276,0,0,32.0,B
277,0,0,98.0,B
278,0,0,29.0,B
279,0,0,33.0,B
280,0,0,30.0,B
281,0,0,30.0,B
282,0,0,24.0,B
283,0,0,31.0,B
284,0,0,30.0,B
285,0,0,23.0,B
286,0,0,32.0,B
287,0,0,31.0,B
288,0,0,69.0,B
289,0,0,46.0,B
290,0,0,34.0,B
291,0,0,73.0,B
292,0,0,25.0,B
293,0,0,36.0,B
294,0,0,20.0,B
295,0,0,47.0,B
296,0,0,27.0,B
297,0,0,50.0,B
298,0,0,33.0,B
299,0,0,46.0,B
300,0,0,30.0,B
301,0,0,30.0,B
302,0,0,29.0,B
303,0,0,62.0,B
304,0,0,28.0,B
305,0,0,42.0,B
306,0,0,37.0,B
307,0,0,39.0,B
308,0,0,27.0,B
309,0,0,40.0,B
310,0,0,29.0,B
311,0,0,46.0,B
312,0,0,31.0,B
313,0,0,23.0,B
314,0,0,32.0,B
315,0,0,26.0,B
316,0,0,24.0,B
317,0,0,121.0,B
318,0,0,25.0,B
319,0,0,21.0,B
320,0,0,37.0,B
321,0,0,25.0,B
322,0,0,45.0,B
323,0,0,26.0,B
324,0,0,37.0,B
325,0,0,34.0,B
326,0,0,53.0,B
327,0,0,24.0,B
328,0,0,33.0,B
329,0,0,26.0,B
330,0,0,30.0,B
331,0,0,37.0,B
332,0,0,25.0,B
333,0,0,40.0,B
334,0,0,49.0,B
335,0,0,38.0,B
336,0,0,40.0,B
337,0,0,27.0,B
338,0,0,34.0,B
339,0,0,43.0,B
340,0,0,30.0,B
341,0,0,33.0,B
342,0,0,74.0,B
343,0,0,50.0,B
344,0,0,37.0,B
345,0,0,36.0,B
346,0,0,31.0,B
347,0,0,48.0,B
348,0,0,42.0,B
349,0,0,20.0,B
350,0,0,35.0,B
351,0,0,28.0,B
352,0,0,20.0,B
353,0,0,22.0,B
354,0,0,22.0,B
355,0,0,56.0,B
356,0,0,46.0,B
357,0,0,50.0,B
358,0,0,24.0,B
359,0,0,92.0,B
360,0,0,44.0,B
361,0,0,27.0,B
362,0,0,52.0,B
363,0,0,35.0,B
364,0,0,26.0,B
365,0,0,70.0,B
366,0,0,39.0,B
367,0,0,29.0,B
368,0,0,42.0,B
369,0,0,47.0,B
370,0,0,22.0,B
371,0,0,43.0,B
372,0,0,22.0,B
373,0,0,28.0,B
374,0,0,30.0,B
375,0,0,38.0,B
376,0,0,56.0,B
377,0,0,37.0,B
378,0,0,39.0,B
379,0,0,22.0,B
380,0,0,30.0,B
381,0,0,43.0,B
382,0,0,34.0,B
383,0,0,23.0,B
384,0,0,46.0,B
385,0,0,26.0,B
386,0,0,38.0,B
387,0,0,23.0,B
388,0,0,100.0,B
389,0,0,83.0,B
390,0,0,28.0,B
391,0,0,32.0,B
392,0,0,28.0,B
393,0,0,22.0,B
394,0,0,23.0,B
395,0,0,25.0,B
396,0,0,33.0,B
397,0,0,28.0,B
398,0,0,23.0,B
399,0,0,28.0,B
400,0,0,40.0,B
401,0,0,40.0,A
402,0,0,33.0,A
403,0,0,33.0,A
404,0,0,48.0,A
405,0,0,27.0,A
406,0,0,67.0,A
407,0,0,40.0,A
408,0,0,20.0,A
409,0,0,28.0,A
410,0,0,40.0,A
411,0,0,21.0,A
412,0,0,21.0,A
413,0,0,42.0,A
414,0,0,51.0,A
415,0,0,31.0,A
416,0,0,24.0,A
417,0,0,37.0,A
418,0,0,48.0,A
419,0,0,27.0,A
420,0,0,54.0,A
421,0,0,24.0,A
422,0,0,54.0,A
423,0,0,36.0,A
424,0,0,78.0,A
425,0,0,54.0,A
426,0,0,29.0,A
427,0,0,46.0,A
428,0,0,31.0,A
429,0,0,31.0,A
430,0,0,25.0,A
431,0,0,23.0,A
432,0,0,25.0,A
433,0,0,29.0,A
434,0,0,21.0,A
435,0,0,41.0,A
436,0,0,34.0,A
437,0,0,32.0,A
438,0,0,33.0,A
439,0,0,31.0,A
440,0,0,29.0,A
441,0,0,35.0,A
442,0,0,37.0,A
443,0,0,41.0,A
444,0,0,32.0,A
445,0,0,47.0,A
446,0,0,41.0,A
447,0,0,72.0,A
448,0,0,55.0,A
449,0,0,34.0,A
450,0,0,33.0,A
451,0,0,43.0,A
452,0,0,19.0,A
453,0,0,26.0,A
454,0,0,25.0,A
455,0,0,20.0,A
456,0,0,27.0,A
457,0,0,29.0,A
458,0,0,40.0,A
459,0,0,29.0,A
460,0,0,36.0,A
461,0,0,58.0,A
462,0,0,33.0,A
463,0,0,37.0,A
464,0,0,23.0,A
465,0,0,29.0,A
466,0,0,25.0,A
467,0,0,20.0,A
468,0,0,39.0,A
469,0,0,20.0,A
470,0,0,47.0,A
471,0,0,21.0,A
472,0,0,43.0,A
473,0,0,26.0,A
474,0,0,38.0,A
475,0,0,32.0,A
476,0,0,39.0,A
477,0,0,22.0,A
478,0,0,24.0,A
479,0,0,77.0,A
480,0,0,27.0,A
481,0,0,56.0,A
482,0,0,28.0,A
483,0,0,25.0,A
484,0,0,45.0,A
485,0,0,86.0,A
486,0,0,28.0,A
487,0,0,37.0,A
488,0,0,33.0,A
489,0,0,28.0,A
490,0,0,51.0,A
491,0,0,27.0,A
492,0,0,45.0,A
493,0,0,42.0,A
494,0,0,29.0,A
495,0,0,69.0,A
496,0,0,21.0,A
497,0,0,41.0,A
498,0,0,24.0,A
499,0,0,35.0,A
500,0,0,91.0,A
501,0,0,21.0,A
502,0,0,45.0,A
503,0,0,67.0,A
504,0,0,21.0,A
505,0,0,41.0,A
506,0,0,22.0,A
507,0,0,34.0,A
508,0,0,24.0,A
509,0,0,24.0,A
510,0,0,42.0,A
511,0,0,44.0,A
512,0,0,29.0,A
513,0,0,32.0,A
514,0,0,23.0,A
515,0,0,28.0,A
516,0,0,21.0,A
517,0,0,24.0,A
518,0,0,36.0,A
519,0,0,23.0,A
520,0,0,30.0,A
521,0,0,22.0,A
522,0,0,42.0,A
523,0,0,24.0,A
524,0,0,33.0,A
525,0,0,34.0,A
526,0,0,18.0,A
527,0,0,26.0,A
528,0,0,29.0,A
529,0,0,53.0,A
530,0,0,46.0,A
531,0,0,45.0,A
532,0,0,16.0,A
533,0,0,21.0,A
534,0,0,53.0,A
535,0,0,28.0,A
536,0,0,68.0,A
537,0,0,21.0,A
538,0,0,24.0,A
539,0,0,42.0,A
540,0,0,55.0,A
541,0,0,44.0,A
542,0,0,44.0,A
543,0,0,37.0,A
544,0,0,43.0,A
545,0,0,42.0,A
546,0,0,20.0,A
547,0,0,31.0,A
548,0,0,76.0,A
549,0,0,54.0,A
550,0,0,50.0,A
551,0,0,45.0,A
552,0,0,51.0,A
553,0,0,28.0,A
554,0,0,21.0,A
555,0,0,35.0,A
556,0,0,26.0,A
557,0,0,21.0,A
558,0,0,25.0,A
559,0,0,21.0,A
560,0,0,28.0,A
561,0,0,35.0,A
562,0,0,28.0,A
563,0,0,29.0,A
564,0,0,31.0,A
565,0,0,41.0,A
566,0,0,18.0,A
567,0,0,51.0,A
568,0,0,29.0,A
569,0,0,31.0,A
570,0,0,52.0,A
571,0,0,25.0,A
572,0,0,73.0,A
573,0,0,25.0,A
574,0,0,33.0,A
575,0,0,63.0,A
576,0,0,37.0,A
577,0,0,22.0,A
578,0,0,26.0,A
579,0,0,49.0,A
580,0,0,41.0,A
581,0,0,26.0,A
582,0,0,37.0,A
583,0,0,17.0,A
584,0,0,51.0,A
585,0,0,29.0,A
586,0,0,29.0,A
587,0,0,63.0,A
588,0,0,29.0,A
589,0,0,25.0,A
590,0,0,28.0,A
591,0,0,31.0,A
592,0,0,51.0,A
593,0,0,25.0,A
594,0,0,41.0,A
595,0,0,29.0,A
596,0,0,28.0,A
597,0,0,27.0,A
598,0,0,54.0,A
599,0,0,29.0,A
600,0,0,24.0,A
601,0,0,39.0,B
602,0,0,27.0,B
603,0,0,40.0,B
604,0,0,36.0,B
605,0,0,62.0,B
606,0,0,99.0,B
607,0,0,29.0,B
608,0,0,59.0,B
609,0,0,22.0,B
610,0,0,45.0,B
611,0,0,22.0,B
612,0,0,36.0,B
613,0,0,43.0,B
614,0,0,42.0,B
615,0,0,44.0,B
616,0,0,22.0,B
617,0,0,28.0,B
618,0,0,28.0,B
619,0,0,50.0,B
620,0,0,20.0,B
621,0,0,24.0,B
622,0,0,38.0,B
623,0,0,38.0,B
624,0,0,83.0,B
625,0,0,58.0,B
626,0,0,41.0,B
627,0,0,36.0,B
628,0,0,28.0,B
629,0,0,44.0,B
630,0,0,29.0,B
631,0,0,57.0,B
632,0,0,66.0,B
633,0,0,23.0,B
634,0,0,63.0,B
635,0,0,35.0,B
636,0,0,23.0,B
637,0,0,50.0,B
638,0,0,33.0,B
639,0,0,42.0,B
640,0,0,43.0,B
641,0,0,53.0,B
642,0,0,20.0,B
643,0,0,35.0,B
644,0,0,26.0,B
645,0,0,25.0,B
646,0,0,39.0,B
647,0,0,66.0,B
648,0,0,74.0,B
649,0,0,30.0,B
650,0,0,36.0,B
651,0,0,45.0,B
652,0,0,42.0,B
653,0,0,28.0,B
654,0,0,27.0,B
655,0,0,29.0,B
656,0,0,28.0,B
657,0,0,26.0,B
658,0,0,33.0,B
659,0,0,24.0,B
660,0,0,25.0,B
661,0,0,26.0,B
662,0,0,25.0,B
663,0,0,27.0,B
664,0,0,33.0,B
665,0,0,53.0,B
666,0,0,46.0,B
667,0,0,48.0,B
668,0,0,54.0,B
669,0,0,47.0,B
670,0,0,26.0,B
671,0,0,41.0,B
672,0,0,27.0,B
673,0,0,34.0,B
674,0,0,28.0,B
675,0,0,55.0,B
676,0,0,28.0,B
677,0,0,47.0,B
678,0,0,26.0,B
679,0,0,27.0,B
680,0,0,36.0,B
681,0,0,35.0,B
682,0,0,43.0,B
683,0,0,41.0,B
684,0,0,48.0,B
685,0,0,36.0,B
686,0,0,38.0,B
687,0,0,31.0,B
688,0,0,85.0,B
689,0,0,33.0,B
690,0,0,26.0,B
691,0,0,27.0,B
692,0,0,51.0,B
693,0,0,63.0,B
694,0,0,39.0,B
695,0,0,25.0,B
696,0,0,40.0,B
697,0,0,40.0,B
698,0,0,34.0,B
699,0,0,30.0,B
700,0,0,31.0,B
701,0,0,31.0,B
702,0,0,35.0,B
703,0,0,24.0,B
704,0,0,20.0,B
705,0,0,42.0,B
706,0,0,89.0,B
707,0,0,28.0,B
708,0,0,22.0,B
709,0,0,23.0,B
710,0,0,71.0,B
711,0,0,20.0,B
712,0,0,26.0,B
713,0,0,27.0,B
714,0,0,26.0,B
715,0,0,31.0,B
716,0,0,25.0,B
717,0,0,30.0,B
718,0,0,51.0,B
719,0,0,34.0,B
720,0,0,31.0,B
721,0,0,27.0,B
722,0,0,56.0,B
723,0,0,23.0,B
724,0,0,31.0,B
725,0,0,37.0,B
726,0,0,46.0,B
727,0,0,26.0,B
728,0,0,61.0,B
729,0,0,64.0,B
730,0,0,50.0,B
731,0,0,24.0,B
732,0,0,41.0,B
733,0,0,38.0,B
734,0,0,26.0,B
735,0,0,32.0,B
736,0,0,39.0,B
737,0,0,37.0,B
738,0,0,41.0,B
739,0,0,27.0,B
740,0,0,32.0,B
741,0,0,24.0,B
742,0,0,56.0,B
743,0,0,29.0,B
744,0,0,39.0,B
745,0,0,33.0,B
746,0,0,67.0,B
747,0,0,38.0,B
748,0,0,32.0,B
749,0,0,22.0,B
750,0,0,23.0,B
751,0,0,38.0,B
752,0,0,37.0,B
753,0,0,33.0,B
754,0,0,45.0,B
755,0,0,33.0,B
756,0,0,22.0,B
757,0,0,65.0,B
758,0,0,59.0,B
759,0,0,33.0,B
760,0,0,38.0,B
761,0,0,32.0,B
762,0,0,41.0,B
763,0,0,28.0,B
764,0,0,38.0,B
765,0,0,37.0,B
766,0,0,45.0,B
767,0,0,31.0,B
768,0,0,46.0,B
769,0,0,30.0,B
770,0,0,42.0,B
771,0,0,48.0,B
772,0,0,23.0,B
773,0,0,32.0,B
774,0,0,40.0,B
775,0,0,44.0,B
776,0,0,25.0,B
777,0,0,54.0,B
778,0,0,61.0,B
779,0,0,26.0,B
780,0,0,23.0,B
781,0,0,43.0,B
782,0,0,34.0,B
783,0,0,36.0,B
784,0,0,23.0,B
785,0,0,39.0,B
786,0,0,41.0,B
787,0,0,29.0,B
788,0,0,19.0,B
789,0,0,70.0,B
790,0,0,38.0,B
791,0,0,30.0,B
792,0,0,27.0,B
793,0,0,37.0,B
794,0,0,26.0,B
795,0,0,37.0,B
796,0,0,31.0,B
797,0,0,26.0,B
798,0,0,110.0,B
799,0,0,49.0,B
800,0,0,35.0,B
1,1,0,52.0,A
2,1,0,31.0,A
3,1,0,27.0,A
4,1,0,37.0,A
5,1,0,84.0,A
6,1,0,62.0,A
7,1,0,43.0,A
8,1,0,63.0,A
9,1,0,70.0,A
10,1,0,29.0,A
11,1,0,24.0,A
12,1,0,58.0,A
13,1,0,26.0,A
14,1,0,25.0,A
15,1,0,46.0,A
16,1,0,34.0,A
17,1,0,38.0,A
18,1,0,65.0,A
19,1,0,31.0,A
20,1,0,77.0,A
21,1,0,27.0,A
22,1,0,51.0,A
23,1,0,37.0,A
24,1,0,64.0,A
25,1,0,29.0,A
26,1,0,60.0,A
27,1,0,34.0,A
28,1,0,32.0,A
29,1,0,37.0,A
30,1,0,38.0,A
31,1,0,36.0,A
32,1,0,69.0,A
33,1,0,41.0,A
34,1,0,49.0,A
35,1,0,33.0,A
36,1,0,67.0,A
37,1,0,55.0,A
38,1,0,43.0,A
39,1,0,52.0,A
40,1,0,33.0,A
41,1,0,34.0,A
42,1,0,68.0,A
43,1,0,42.0,A
44,1,0,33.0,A
45,1,0,45.0,A
46,1,0,44.0,A
47,1,0,69.0,A
48,1,0,38.0,A
49,1,0,42.0,A
50,1,0,52.0,A
51,1,0,62.0,A
52,1,0,73.0,A
53,1,0,35.0,A
54,1,0,57.0,A
55,1,0,28.0,A
56,1,0,28.0,A
57,1,0,33.0,A
58,1,0,75.0,A
59,1,0,28.0,A
60,1,0,47.0,A
61,1,0,24.0,A
62,1,0,30.0,A
63,1,0,47.0,A
64,1,0,35.0,A
65,1,0,32.0,A
66,1,0,31.0,A
67,1,0,33.0,A
68,1,0,75.0,A
69,1,0,76.0,A
70,1,0,34.0,A
71,1,0,39.0,A
72,1,0,25.0,A
73,1,0,25.0,A
74,1,0,76.0,A
75,1,0,34.0,A
76,1,0,47.0,A
77,1,0,46.0,A
78,1,0,67.0,A
79,1,0,65.0,A
80,1,0,26.0,A
81,1,0,49.0,A
82,1,0,35.0,A
83,1,0,25.0,A
84,1,0,42.0,A
85,1,0,60.0,A
86,1,0,36.0,A
87,1,0,75.0,A
88,1,0,40.0,A
89,1,0,54.0,A
90,1,0,36.0,A
91,1,0,54.0,A
92,1,0,45.0,A
93,1,0,49.0,A
94,1,0,69.0,A
95,1,0,31.0,A
96,1,0,30.0,A
97,1,0,31.0,A
98,1,0,25.0,A
99,1,0,29.0,A
100,1,0,28.0,A
101,1,0,36.0,A
102,1,0,34.0,A
103,1,0,68.0,A
104,1,0,57.0,A
105,1,0,24.0,A
106,1,0,32.0,A
107,1,0,31.0,A
108,1,0,52.0,A
109,1,0,44.0,A
110,1,0,44.0,A
111,1,0,39.0,A
112,1,0,48.0,A
113,1,0,33.0,A
114,1,0,30.0,A
115,1,0,24.0,A
116,1,0,68.0,A
117,1,0,119.0,A
118,1,0,51.0,A
119,1,0,52.0,A
120,1,0,38.0,A
121,1,0,37.0,A
122,1,0,47.0,A
123,1,0,39.0,A
124,1,0,36.0,A
125,1,0,28.0,A
126,1,0,46.0,A
127,1,0,35.0,A
128,1,0,33.0,A
129,1,0,46.0,A
130,1,0,76.0,A
131,1,0,30.0,A
132,1,0,34.0,A
133,1,0,56.0,A
134,1,0,60.0,A
135,1,0,53.0,A
136,1,0,47.0,A
137,1,0,97.0,A
138,1,0,29.0,A
139,1,0,43.0,A
140,1,0,43.0,A
141,1,0,25.0,A
142,1,0,54.0,A
143,1,0,41.0,A
144,1,0,36.0,A
145,1,0,34.0,A
146,1,0,38.0,A
147,1,0,110.0,A
148,1,0,32.0,A
149,1,0,34.0,A
150,1,0,97.0,A
151,1,0,26.0,A
152,1,0,43.0,A
153,1,0,49.0,A
154,1,0,38.0,A
155,1,0,64.0,A
156,1,0,23.0,A
157,1,0,33.0,A
158,1,0,50.0,A
159,1,0,57.0,A
160,1,0,41.0,A
161,1,0,53.0,A
162,1,0,33.0,A
163,1,0,143.0,A
164,1,0,88.0,A
165,1,0,39.0,A
166,1,0,54.0,A
167,1,0,63.0,A
168,1,0,44.0,A
169,1,0,34.0,A
170,1,0,39.0,A
171,1,0,22.0,A
172,1,0,26.0,A
173,1,0,76.0,A
174,1,0,39.0,A
175,1,0,46.0,A
176,1,0,29.0,A
177,1,0,40.0,A
178,1,0,84.0,A
179,1,0,42.0,A
180,1,0,23.0,A
181,1,0,34.0,A
182,1,0,37.0,A
183,1,0,30.0,A
184,1,0,34.0,A
185,1,0,39.0,A
186,1,0,29.0,A
187,1,0,55.0,A
188,1,0,36.0,A
189,1,0,33.0,A
190,1,0,53.0,A
191,1,0,54.0,A
192,1,0,97.0,A
193,1,0,37.0,A
194,1,0,51.0,A
195,1,0,44.0,A
196,1,0,43.0,A
197,1,0,32.0,A
198,1,0,31.0,A
199,1,0,39.0,A
200,1,0,57.0,A
201,1,0,24.0,B
202,1,0,72.0,B
203,1,0,29.0,B
204,1,0,34.0,B
205,1,0,39.0,B
206,1,0,67.0,B
207,1,0,30.0,B
208,1,0,76.0,B
209,1,0,47.0,B
210,1,0,34.0,B
211,1,0,27.0,B
212,1,0,25.0,B
213,1,0,35.0,B
214,1,0,123.0,B
215,1,0,38.0,B
216,1,0,67.0,B
217,1,0,89.0,B
218,1,0,49.0,B
219,1,0,51.0,B
220,1,0,50.0,B
221,1,0,36.0,B
222,1,0,34.0,B
223,1,0,22.0,B
224,1,0,25.0,B
225,1,0,30.0,B
226,1,0,82.0,B
227,1,0,22.0,B
228,1,0,34.0,B
229,1,0,48.0,B
230,1,0,32.0,B
231,1,0,46.0,B
232,1,0,33.0,B
233,1,0,87.0,B
234,1,0,58.0,B
235,1,0,48.0,B
236,1,0,50.0,B
237,1,0,71.0,B
238,1,0,48.0,B
239,1,0,25.0,B
240,1,0,45.0,B
241,1,0,36.0,B
242,1,0,37.0,B
243,1,0,49.0,B
244,1,0,28.0,B
245,1,0,55.0,B
246,1,0,28.0,B
247,1,0,42.0,B
248,1,0,31.0,B
249,1,0,23.0,B
250,1,0,104.0,B
251,1,0,31.0,B
252,1,0,35.0,B
253,1,0,100.0,B
254,1,0,57.0,B
255,1,0,56.0,B
256,1,0,60.0,B
257,1,0,31.0,B
258,1,0,51.0,B
259,1,0,40.0,B
260,1,0,26.0,B
261,1,0,34.0,B
262,1,0,22.0,B
263,1,0,38.0,B
264,1,0,27.0,B
265,1,0,56.0,B
266,1,0,138.0,B
267,1,0,25.0,B
268,1,0,32.0,B
269,1,0,57.0,B
270,1,0,33.0,B
271,1,0,38.0,B
272,1,0,80.0,B
273,1,0,26.0,B
274,1,0,93.0,B
275,1,0,67.0,B
276,1,0,77.0,B
277,1,0,51.0,B
278,1,0,35.0,B
279,1,0,44.0,B
280,1,0,49.0,B
281,1,0,42.0,B
282,1,0,44.0,B
283,1,0,33.0,B
284,1,0,30.0,B
285,1,0,37.0,B
286,1,0,30.0,B
287,1,0,31.0,B
288,1,0,40.0,B
289,1,0,70.0,B
290,1,0,87.0,B
291,1,0,72.0,B
292,1,0,80.0,B
293,1,0,52.0,B
294,1,0,65.0,B
295,1,0,44.0,B
296,1,0,43.0,B
297,1,0,61.0,B
298,1,0,33.0,B
299,1,0,41.0,B
300,1,0,26.0,B
301,1,0,30.0,B
302,1,0,30.0,B
303,1,0,36.0,B
304,1,0,42.0,B
305,1,0,38.0,B
306,1,0,29.0,B
307,1,0,53.0,B
308,1,0,35.0,B
309,1,0,32.0,B
310,1,0,50.0,B
311,1,0,63.0,B
312,1,0,73.0,B
313,1,0,55.0,B
314,1,0,33.0,B
315,1,0,42.0,B
316,1,0,46.0,B
317,1,0,42.0,B
318,1,0,45.0,B
319,1,0,71.0,B
320,1,0,44.0,B
321,1,0,40.0,B
322,1,0,78.0,B
323,1,0,41.0,B
324,1,0,29.0,B
325,1,0,52.0,B
326,1,0,35.0,B
327,1,0,61.0,B
328,1,0,114.0,B
329,1,0,38.0,B
330,1,0,68.0,B
331,1,0,33.0,B
332,1,0,54.0,B
333,1,0,51.0,B
334,1,0,60.0,B
335,1,0,51.0,B
336,1,0,35.0,B
337,1,0,36.0,B
338,1,0,22.0,B
339,1,0,29.0,B
340,1,0,22.0,B
341,1,0,44.0,B
342,1,0,30.0,B
343,1,0,39.0,B
344,1,0,36.0,B
345,1,0,40.0,B
346,1,0,67.0,B
347,1,0,66.0,B
348,1,0,34.0,B
349,1,0,34.0,B
350,1,0,59.0,B
351,1,0,38.0,B
352,1,0,70.0,B
353,1,0,73.0,B
354,1,0,48.0,B
355,1,0,50.0,B
356,1,0,52.0,B
357,1,0,57.0,B
358,1,0,41.0,B
359,1,0,43.0,B
360,1,0,49.0,B
361,1,0,30.0,B
362,1,0,32.0,B
363,1,0,83.0,B
364,1,0,57.0,B
365,1,0,27.0,B
366,1,0,46.0,B
367,1,0,116.0,B
368,1,0,42.0,B
369,1,0,31.0,B
370,1,0,48.0,B
371,1,0,72.0,B
372,1,0,31.0,B
373,1,0,56.0,B
374,1,0,48.0,B
375,1,0,41.0,B
376,1,0,42.0,B
377,1,0,23.0,B
378,1,0,30.0,B
379,1,0,51.0,B
380,1,0,73.0,B
381,1,0,34.0,B
382,1,0,33.0,B
383,1,0,27.0,B
384,1,0,40.0,B
385,1,0,43.0,B
386,1,0,30.0,B
387,1,0,53.0,B
388,1,0,51.0,B
389,1,0,37.0,B
390,1,0,46.0,B
391,1,0,27.0,B
392,1,0,29.0,B
393,1,0,86.0,B
394,1,0,33.0,B
395,1,0,44.0,B
396,1,0,53.0,B
397,1,0,48.0,B
398,1,0,46.0,B
399,1,0,69.0,B
400,1,0,31.0,B
401,1,0,123.0,A
402,1,0,26.0,A
403,1,0,29.0,A
404,1,0,135.0,A
405,1,0,70.0,A
406,1,0,42.0,A
407,1,0,46.0,A
408,1,0,78.0,A
409,1,0,45.0,A
410,1,0,34.0,A
411,1,0,92.0,A
412,1,0,98.0,A
413,1,0,63.0,A
414,1,0,40.0,A
415,1,0,36.0,A
416,1,0,33.0,A
417,1,0,38.0,A
418,1,0,31.0,A
419,1,0,58.0,A
420,1,0,90.0,A
421,1,0,48.0,A
422,1,0,38.0,A
423,1,0,48.0,A
424,1,0,54.0,A
425,1,0,67.0,A
426,1,0,29.0,A
427,1,0,60.0,A
428,1,0,25.0,A
429,1,0,27.0,A
430,1,0,80.0,A
431,1,0,84.0,A
432,1,0,50.0,A
433,1,0,26.0,A
434,1,0,24.0,A
435,1,0,31.0,A
436,1,0,38.0,A
437,1,0,49.0,A
438,1,0,56.0,A
439,1,0,40.0,A
440,1,0,30.0,A
441,1,0,49.0,A
442,1,0,64.0,A
443,1,0,39.0,A
444,1,0,49.0,A
445,1,0,107.0,A
446,1,0,60.0,A
447,1,0,75.0,A
448,1,0,41.0,A
449,1,0,35.0,A
450,1,0,50.0,A
451,1,0,31.0,A
452,1,0,35.0,A
453,1,0,80.0,A
454,1,0,78.0,A
455,1,0,43.0,A
456,1,0,60.0,A
457,1,0,22.0,A
458,1,0,42.0,A
459,1,0,27.0,A
460,1,0,62.0,A
461,1,0,53.0,A
462,1,0,54.0,A
463,1,0,95.0,A
464,1,0,36.0,A
465,1,0,56.0,A
466,1,0,48.0,A
467,1,0,40.0,A
468,1,0,25.0,A
469,1,0,106.0,A
470,1,0,34.0,A
471,1,0,37.0,A
472,1,0,35.0,A
473,1,0,41.0,A
474,1,0,48.0,A
475,1,0,48.0,A
476,1,0,53.0,A
477,1,0,39.0,A
478,1,0,34.0,A
479,1,0,66.0,A
480,1,0,89.0,A
481,1,0,22.0,A
482,1,0,24.0,A
483,1,0,33.0,A
484,1,0,81.0,A
485,1,0,37.0,A
486,1,0,28.0,A
487,1,0,29.0,A
488,1,0,47.0,A
489,1,0,83.0,A
490,1,0,90.0,A
491,1,0,38.0,A
492,1,0,61.0,A
493,1,0,70.0,A
494,1,0,54.0,A
495,1,0,21.0,A
496,1,0,91.0,A
497,1,0,77.0,A
498,1,0,25.0,A
499,1,0,61.0,A
500,1,0,38.0,A
501,1,0,31.0,A
502,1,0,29.0,A
503,1,0,62.0,A
504,1,0,41.0,A
505,1,0,76.0,A
506,1,0,60.0,A
507,1,0,39.0,A
508,1,0,35.0,A
509,1,0,46.0,A
510,1,0,58.0,A
511,1,0,45.0,A
512,1,0,31.0,A
513,1,0,46.0,A
514,1,0,31.0,A
515,1,0,22.0,A
516,1,0,38.0,A
517,1,0,51.0,A
518,1,0,79.0,A
519,1,0,52.0,A
520,1,0,26.0,A
521,1,0,50.0,A
522,1,0,35.0,A
523,1,0,31.0,A
524,1,0,46.0,A
525,1,0,46.0,A
526,1,0,32.0,A
527,1,0,66.0,A
528,1,0,30.0,A
529,1,0,33.0,A
530,1,0,69.0,A
531,1,0,63.0,A
532,1,0,43.0,A
533,1,0,52.0,A
534,1,0,48.0,A
535,1,0,47.0,A
536,1,0,42.0,A
537,1,0,44.0,A
538,1,0,42.0,A
539,1,0,50.0,A
540,1,0,27.0,A
541,1,0,38.0,A
542,1,0,59.0,A
543,1,0,82.0,A
544,1,0,43.0,A
545,1,0,41.0,A
546,1,0,27.0,A
547,1,0,162.0,A
548,1,0,49.0,A
549,1,0,85.0,A
550,1,0,34.0,A
551,1,0,56.0,A
552,1,0,40.0,A
553,1,0,35.0,A
554,1,0,36.0,A
555,1,0,25.0,A
556,1,0,42.0,A
557,1,0,59.0,A
558,1,0,69.0,A
559,1,0,37.0,A
560,1,0,62.0,A
561,1,0,38.0,A
562,1,0,32.0,A
563,1,0,32.0,A
564,1,0,93.0,A
565,1,0,67.0,A
566,1,0,56.0,A
567,1,0,78.0,A
568,1,0,60.0,A
569,1,0,27.0,A
570,1,0,28.0,A
571,1,0,53.0,A
572,1,0,47.0,A
573,1,0,47.0,A
574,1,0,39.0,A
575,1,0,67.0,A
576,1,0,31.0,A
577,1,0,92.0,A
578,1,0,51.0,A
579,1,0,42.0,A
580,1,0,34.0,A
581,1,0,46.0,A
582,1,0,47.0,A
583,1,0,51.0,A
584,1,0,37.0,A
585,1,0,51.0,A
586,1,0,65.0,A
587,1,0,36.0,A
588,1,0,31.0,A
589,1,0,35.0,A
590,1,0,31.0,A
591,1,0,42.0,A
592,1,0,61.0,A
593,1,0,54.0,A
594,1,0,22.0,A
595,1,0,53.0,A
596,1,0,99.0,A
597,1,0,198.0,A
598,1,0,30.0,A
599,1,0,46.0,A
600,1,0,28.0,A
601,1,0,34.0,B
602,1,0,31.0,B
603,1,0,46.0,B
604,1,0,30.0,B
605,1,0,29.0,B
606,1,0,47.0,B
607,1,0,38.0,B
608,1,0,74.0,B
609,1,0,29.0,B
610,1,0,103.0,B
611,1,0,62.0,B
612,1,0,33.0,B
613,1,0,80.0,B
614,1,0,35.0,B
615,1,0,64.0,B
616,1,0,75.0,B
617,1,0,31.0,B
618,1,0,33.0,B
619,1,0,34.0,B
620,1,0,30.0,B
621,1,0,33.0,B
622,1,0,36.0,B
623,1,0,29.0,B
624,1,0,33.0,B
625,1,0,63.0,B
626,1,0,34.0,B
627,1,0,75.0,B
628,1,0,36.0,B
629,1,0,50.0,B
630,1,0,64.0,B
631,1,0,49.0,B
632,1,0,41.0,B
633,1,0,117.0,B
634,1,0,81.0,B
635,1,0,45.0,B
636,1,0,37.0,B
637,1,0,69.0,B
638,1,0,63.0,B
639,1,0,35.0,B
640,1,0,35.0,B
641,1,0,37.0,B
642,1,0,41.0,B
643,1,0,53.0,B
644,1,0,35.0,B
645,1,0,45.0,B
646,1,0,21.0,B
647,1,0,39.0,B
648,1,0,31.0,B
649,1,0,52.0,B
650,1,0,54.0,B
651,1,0,70.0,B
652,1,0,25.0,B
653,1,0,54.0,B
654,1,0,33.0,B
655,1,0,46.0,B
656,1,0,40.0,B
657,1,0,55.0,B
658,1,0,36.0,B
659,1,0,40.0,B
660,1,0,45.0,B
661,1,0,25.0,B
662,1,0,73.0,B
663,1,0,32.0,B
664,1,0,72.0,B
665,1,0,47.0,B
666,1,0,52.0,B
667,1,0,40.0,B
668,1,0,65.0,B
669,1,0,53.0,B
670,1,0,46.0,B
671,1,0,34.0,B
672,1,0,70.0,B
673,1,0,27.0,B
674,1,0,26.0,B
675,1,0,42.0,B
676,1,0,127.0,B
677,1,0,35.0,B
678,1,0,61.0,B
679,1,0,51.0,B
680,1,0,32.0,B
681,1,0,27.0,B
682,1,0,35.0,B
683,1,0,28.0,B
684,1,0,31.0,B
685,1,0,21.0,B
686,1,0,109.0,B
687,1,0,28.0,B
688,1,0,39.0,B
689,1,0,45.0,B
690,1,0,54.0,B
691,1,0,49.0,B
692,1,0,37.0,B
693,1,0,45.0,B
694,1,0,51.0,B
695,1,0,51.0,B
696,1,0,79.0,B
697,1,0,89.0,B
698,1,0,34.0,B
699,1,0,36.0,B
700,1,0,22.0,B
701,1,0,67.0,B
702,1,0,50.0,B
703,1,0,25.0,B
704,1,0,109.0,B
705,1,0,31.0,B
706,1,0,75.0,B
707,1,0,24.0,B
708,1,0,40.0,B
709,1,0,21.0,B
710,1,0,26.0,B
711,1,0,33.0,B
712,1,0,34.0,B
713,1,0,32.0,B
714,1,0,49.0,B
715,1,0,50.0,B
716,1,0,77.0,B
717,1,0,25.0,B
718,1,0,50.0,B
719,1,0,38.0,B
720,1,0,34.0,B
721,1,0,37.0,B
722,1,0,23.0,B
723,1,0,41.0,B
724,1,0,55.0,B
725,1,0,36.0,B
726,1,0,38.0,B
727,1,0,35.0,B
728,1,0,42.0,B
729,1,0,89.0,B
730,1,0,42.0,B
731,1,0,31.0,B
732,1,0,64.0,B
733,1,0,37.0,B
734,1,0,25.0,B
735,1,0,37.0,B
736,1,0,93.0,B
737,1,0,42.0,B
738,1,0,81.0,B
739,1,0,48.0,B
740,1,0,70.0,B
741,1,0,34.0,B
742,1,0,25.0,B
743,1,0,148.0,B
744,1,0,21.0,B
745,1,0,41.0,B
746,1,0,50.0,B
747,1,0,43.0,B
748,1,0,39.0,B
749,1,0,31.0,B
750,1,0,28.0,B
751,1,0,64.0,B
752,1,0,131.0,B
753,1,0,45.0,B
754,1,0,34.0,B
755,1,0,54.0,B
756,1,0,87.0,B
757,1,0,107.0,B
758,1,0,70.0,B
759,1,0,28.0,B
760,1,0,24.0,B
761,1,0,34.0,B
762,1,0,53.0,B
763,1,0,56.0,B
764,1,0,27.0,B
765,1,0,28.0,B
766,1,0,47.0,B
767,1,0,45.0,B
768,1,0,34.0,B
769,1,0,35.0,B
770,1,0,51.0,B
771,1,0,66.0,B
772,1,0,26.0,B
773,1,0,29.0,B
774,1,0,67.0,B
775,1,0,64.0,B
776,1,0,25.0,B
777,1,0,29.0,B
778,1,0,43.0,B
779,1,0,104.0,B
780,1,0,35.0,B
781,1,0,31.0,B
782,1,0,32.0,B
783,1,0,34.0,B
784,1,0,25.0,B
785,1,0,59.0,B
786,1,0,71.0,B
787,1,0,59.0,B
788,1,0,48.0,B
789,1,0,41.0,B
790,1,0,28.0,B
791,1,0,108.0,B
792,1,0,39.0,B
793,1,0,57.0,B
794,1,0,21.0,B
795,1,0,27.0,B
796,1,0,44.0,B
797,1,0,42.0,B
798,1,0,46.0,B
799,1,0,78.0,B
800,1,0,23.0,B
1,2,0,25.0,A
2,2,0,58.0,A
3,2,0,35.0,A
4,2,0,52.0,A
5,2,0,31.0,A
6,2,0,51.0,A
7,2,0,40.0,A
8,2,0,45.0,A
9,2,0,43.0,A
10,2,0,37.0,A
11,2,0,26.0,A
12,2,0,27.0,A
13,2,0,49.0,A
14,2,0,24.0,A
15,2,0,33.0,A
16,2,0,31.0,A
17,2,0,60.0,A
18,2,0,46.0,A
19,2,0,37.0,A
20,2,0,58.0,A
21,2,0,38.0,A
22,2,0,67.0,A
23,2,0,49.0,A
24,2,0,36.0,A
25,2,0,28.0,A
26,2,0,27.0,A
27,2,0,36.0,A
28,2,0,22.0,A
29,2,0,22.0,A
30,2,0,21.0,A
31,2,0,38.0,A
32,2,0,38.0,A
33,2,0,53.0,A
34,2,0,23.0,A
35,2,0,41.0,A
36,2,0,37.0,A
37,2,0,36.0,A
38,2,0,30.0,A
39,2,0,23.0,A
40,2,0,51.0,A
41,2,0,28.0,A
42,2,0,80.0,A
43,2,0,47.0,A
44,2,0,62.0,A
45,2,0,43.0,A
46,2,0,23.0,A
47,2,0,40.0,A
48,2,0,39.0,A
49,2,0,41.0,A
50,2,0,41.0,A
51,2,0,40.0,A
52,2,0,30.0,A
53,2,0,40.0,A
54,2,0,37.0,A
55,2,0,51.0,A
56,2,0,36.0,A
57,2,0,74.0,A
58,2,0,33.0,A
59,2,0,32.0,A
60,2,0,69.0,A
61,2,0,40.0,A
62,2,0,26.0,A
63,2,0,27.0,A
64,2,0,47.0,A
65,2,0,28.0,A
66,2,0,29.0,A
67,2,0,30.0,A
68,2,0,61.0,A
69,2,0,22.0,A
70,2,0,27.0,A
71,2,0,36.0,A
72,2,0,63.0,A
73,2,0,35.0,A
74,2,0,35.0,A
75,2,0,65.0,A
76,2,0,22.0,A
77,2,0,71.0,A
78,2,0,23.0,A
79,2,0,32.0,A
80,2,0,44.0,A
81,2,0,50.0,A
82,2,0,50.0,A
83,2,0,25.0,A
84,2,0,33.0,A
85,2,0,49.0,A
86,2,0,95.0,A
87,2,0,25.0,A
88,2,0,44.0,A
89,2,0,30.0,A
90,2,0,29.0,A
91,2,0,73.0,A
92,2,0,28.0,A
93,2,0,34.0,A
94,2,0,41.0,A
95,2,0,20.0,A
96,2,0,45.0,A
97,2,0,47.0,A
98,2,0,37.0,A
99,2,0,34.0,A
100,2,0,29.0,A
101,2,0,126.0,A
102,2,0,23.0,A
103,2,0,61.0,A
104,2,0,30.0,A
105,2,0,24.0,A
106,2,0,24.0,A
107,2,0,34.0,A
108,2,0,42.0,A
109,2,0,69.0,A
110,2,0,32.0,A
111,2,0,50.0,A
112,2,0,28.0,A
113,2,0,24.0,A
114,2,0,35.0,A
115,2,0,27.0,A
116,2,0,32.0,A
117,2,0,33.0,A
118,2,0,97.0,A
119,2,0,31.0,A
120,2,0,36.0,A
121,2,0,31.0,A
122,2,0,46.0,A
123,2,0,56.0,A
124,2,0,66.0,A
125,2,0,28.0,A
126,2,0,42.0,A
127,2,0,33.0,A
128,2,0,48.0,A
129,2,0,25.0,A
130,2,0,43.0,A
131,2,0,35.0,A
132,2,0,39.0,A
133,2,0,57.0,A
134,2,0,21.0,A
135,2,0,52.0,A
136,2,0,46.0,A
137,2,0,51.0,A
138,2,0,29.0,A
139,2,0,29.0,A
140,2,0,24.0,A
141,2,0,31.0,A
142,2,0,22.0,A
143,2,0,31.0,A
144,2,0,62.0,A
145,2,0,32.0,A
146,2,0,25.0,A
147,2,0,90.0,A
148,2,0,38.0,A
149,2,0,53.0,A
150,2,0,45.0,A
151,2,0,34.0,A
152,2,0,27.0,A
153,2,0,44.0,A
154,2,0,39.0,A
155,2,0,37.0,A
156,2,0,66.0,A
157,2,0,27.0,A
158,2,0,52.0,A
159,2,0,30.0,A
160,2,0,40.0,A
161,2,0,28.0,A
162,2,0,36.0,A
163,2,0,26.0,A
164,2,0,33.0,A
165,2,0,34.0,A
166,2,0,25.0,A
167,2,0,45.0,A
168,2,0,37.0,A
169,2,0,48.0,A
170,2,0,40.0,A
171,2,0,36.0,A
172,2,0,28.0,A
173,2,0,35.0,A
174,2,0,36.0,A
175,2,0,58.0,A
176,2,0,56.0,A
177,2,0,24.0,A
178,2,0,22.0,A
179,2,0,40.0,A
180,2,0,55.0,A
181,2,0,61.0,A
182,2,0,86.0,A
183,2,0,44.0,A
184,2,0,52.0,A
185,2,0,48.0,A
186,2,0,41.0,A
187,2,0,24.0,A
188,2,0,36.0,A
189,2,0,31.0,A
190,2,0,28.0,A
191,2,0,37.0,A
192,2,0,32.0,A
193,2,0,26.0,A
194,2,0,44.0,A
195,2,0,43.0,A
196,2,0,68.0,A
197,2,0,45.0,A
198,2,0,31.0,A
199,2,0,38.0,A
200,2,0,34.0,A
201,2,0,59.0,B
202,2,0,66.0,B
203,2,0,61.0,B
204,2,0,29.0,B
205,2,0,34.0,B
206,2,0,24.0,B
207,2,0,64.0,B
208,2,0,73.0,B
209,2,0,33.0,B
210,2,0,36.0,B
211,2,0,29.0,B
212,2,0,28.0,B
213,2,0,31.0,B
214,2,0,27.0,B
215,2,0,40.0,B
216,2,0,38.0,B
217,2,0,37.0,B
218,2,0,50.0,B
219,2,0,36.0,B
220,2,0,30.0,B
221,2,0,39.0,B
222,2,0,53.0,B
223,2,0,36.0,B
224,2,0,79.0,B
225,2,0,53.0,B
226,2,0,32.0,B
227,2,0,31.0,B
228,2,0,41.0,B
229,2,0,41.0,B
230,2,0,32.0,B
231,2,0,34.0,B
232,2,0,28.0,B
233,2,0,45.0,B
234,2,0,50.0,B
235,2,0,30.0,B
236,2,0,49.0,B
237,2,0,33.0,B
238,2,0,28.0,B
239,2,0,37.0,B
240,2,0,21.0,B
241,2,0,39.0,B
242,2,0,40.0,B
243,2,0,39.0,B
244,2,0,48.0,B
245,2,0,36.0,B
246,2,0,38.0,B
247,2,0,44.0,B
248,2,0,65.0,B
249,2,0,65.0,B
250,2,0,75.0,B
251,2,0,30.0,B
252,2,0,39.0,B
253,2,0,21.0,B
254,2,0,38.0,B
255,2,0,56.0,B
256,2,0,35.0,B
257,2,0,46.0,B
258,2,0,47.0,B
259,2,0,31.0,B
260,2,0,55.0,B
261,2,0,34.0,B
262,2,0,64.0,B
263,2,0,32.0,B
264,2,0,39.0,B
265,2,0,24.0,B
266,2,0,36.0,B
267,2,0,40.0,B
268,2,0,42.0,B
269,2,0,35.0,B
270,2,0,37.0,B
271,2,0,25.0,B
272,2,0,43.0,B
273,2,0,30.0,B
274,2,0,40.0,B
275,2,0,51.0,B
276,2,0,35.0,B
277,2,0,23.0,B
278,2,0,42.0,B
279,2,0,52.0,B
280,2,0,83.0,B
281,2,0,45.0,B
282,2,0,34.0,B
283,2,0,37.0,B
284,2,0,36.0,B
285,2,0,78.0,B
286,2,0,51.0,B
287,2,0,34.0,B
288,2,0,90.0,B
289,2,0,33.0,B
290,2,0,34.0,B
291,2,0,80.0,B
292,2,0,26.0,B
293,2,0,22.0,B
294,2,0,34.0,B
295,2,0,70.0,B
296,2,0,34.0,B
297,2,0,25.0,B
298,2,0,89.0,B
299,2,0,91.0,B
300,2,0,34.0,B
301,2,0,27.0,B
302,2,0,56.0,B
303,2,0,41.0,B
304,2,0,49.0,B
305,2,0,67.0,B
306,2,0,33.0,B
307,2,0,38.0,B
308,2,0,23.0,B
309,2,0,43.0,B
310,2,0,51.0,B
311,2,0,32.0,B
312,2,0,22.0,B
313,2,0,29.0,B
314,2,0,62.0,B
315,2,0,80.0,B
316,2,0,34.0,B
317,2,0,48.0,B
318,2,0,63.0,B
319,2,0,34.0,B
320,2,0,40.0,B
321,2,0,30.0,B
322,2,0,28.0,B
323,2,0,45.0,B
324,2,0,46.0,B
325,2,0,44.0,B
326,2,0,54.0,B
327,2,0,80.0,B
328,2,0,56.0,B
329,2,0,36.0,B
330,2,0,25.0,B
331,2,0,48.0,B
332,2,0,58.0,B
333,2,0,44.0,B
334,2,0,117.0,B
335,2,0,32.0,B
336,2,0,41.0,B
337,2,0,49.0,B
338,2,0,47.0,B
339,2,0,28.0,B
340,2,0,51.0,B
341,2,0,26.0,B
342,2,0,33.0,B
343,2,0,59.0,B
344,2,0,36.0,B
345,2,0,52.0,B
346,2,0,29.0,B
347,2,0,27.0,B
348,2,0,66.0,B
349,2,0,75.0,B
350,2,0,23.0,B
351,2,0,24.0,B
352,2,0,31.0,B
353,2,0,37.0,B
354,2,0,37.0,B
355,2,0,38.0,B
356,2,0,31.0,B
357,2,0,54.0,B
358,2,0,48.0,B
359,2,0,23.0,B
360,2,0,56.0,B
361,2,0,46.0,B
362,2,0,59.0,B
363,2,0,28.0,B
364,2,0,28.0,B
365,2,0,38.0,B
366,2,0,40.0,B
367,2,0,34.0,B
368,2,0,40.0,B
369,2,0,28.0,B
370,2,0,42.0,B
371,2,0,42.0,B
372,2,0,32.0,B
373,2,0,50.0,B
374,2,0,24.0,B
375,2,0,64.0,B
376,2,0,45.0,B
377,2,0,33.0,B
378,2,0,30.0,B
379,2,0,40.0,B
380,2,0,37.0,B
381,2,0,47.0,B
382,2,0,22.0,B
383,2,0,41.0,B
384,2,0,38.0,B
385,2,0,36.0,B
386,2,0,50.0,B
387,2,0,31.0,B
388,2,0,31.0,B
389,2,0,41.0,B
390,2,0,38.0,B
391,2,0,29.0,B
392,2,0,42.0,B
393,2,0,88.0,B
394,2,0,27.0,B
395,2,0,44.0,B
396,2,0,59.0,B
397,2,0,74.0,B
398,2,0,27.0,B
399,2,0,49.0,B
400,2,0,57.0,B
401,2,0,55.0,A
402,2,0,41.0,A
403,2,0,54.0,A
404,2,0,43.0,A
405,2,0,29.0,A
406,2,0,28.0,A
407,2,0,32.0,A
408,2,0,30.0,A
409,2,0,40.0,A
410,2,0,57.0,A
411,2,0,38.0,A
412,2,0,26.0,A
413,2,0,36.0,A
414,2,0,34.0,A
415,2,0,49.0,A
416,2,0,32.0,A
417,2,0,30.0,A
418,2,0,54.0,A
419,2,0,42.0,A
420,2,0,64.0,A
421,2,0,31.0,A
422,2,0,55.0,A
423,2,0,29.0,A
424,2,0,26.0,A
425,2,0,26.0,A
426,2,0,34.0,A
427,2,0,42.0,A
428,2,0,23.0,A
429,2,0,66.0,A
430,2,0,69.0,A
431,2,0,50.0,A
432,2,0,47.0,A
433,2,0,31.0,A
434,2,0,42.0,A
435,2,0,26.0,A
436,2,0,35.0,A
437,2,0,30.0,A
438,2,0,54.0,A
439,2,0,26.0,A
440,2,0,47.0,A
441,2,0,29.0,A
442,2,0,66.0,A
443,2,0,23.0,A
444,2,0,48.0,A
445,2,0,30.0,A
446,2,0,29.0,A
447,2,0,25.0,A
448,2,0,28.0,A
449,2,0,40.0,A
450,2,0,80.0,A
451,2,0,35.0,A
452,2,0,35.0,A
453,2,0,30.0,A
454,2,0,41.0,A
455,2,0,39.0,A
456,2,0,70.0,A
457,2,0,24.0,A
458,2,0,34.0,A
459,2,0,26.0,A
460,2,0,47.0,A
461,2,0,33.0,A
462,2,0,37.0,A
463,2,0,44.0,A
464,2,0,31.0,A
465,2,0,63.0,A
466,2,0,47.0,A
467,2,0,46.0,A
468,2,0,46.0,A
469,2,0,46.0,A
470,2,0,35.0,A
471,2,0,55.0,A
472,2,0,37.0,A
473,2,0,33.0,A
474,2,0,54.0,A
475,2,0,64.0,A
476,2,0,54.0,A
477,2,0,38.0,A
478,2,0,41.0,A
479,2,0,36.0,A
480,2,0,33.0,A
481,2,0,54.0,A
482,2,0,37.0,A
483,2,0,100.0,A
484,2,0,25.0,A
485,2,0,31.0,A
486,2,0,42.0,A
487,2,0,44.0,A
488,2,0,41.0,A
489,2,0,27.0,A
490,2,0,78.0,A
491,2,0,22.0,A
492,2,0,44.0,A
493,2,0,23.0,A
494,2,0,41.0,A
495,2,0,43.0,A
496,2,0,31.0,A
497,2,0,45.0,A
498,2,0,148.0,A
499,2,0,71.0,A
500,2,0,33.0,A
501,2,0,54.0,A
502,2,0,63.0,A
503,2,0,35.0,A
504,2,0,30.0,A
505,2,0,37.0,A
506,2,0,46.0,A
507,2,0,65.0,A
508,2,0,31.0,A
509,2,0,49.0,A
510,2,0,21.0,A
511,2,0,59.0,A
512,2,0,57.0,A
513,2,0,42.0,A
514,2,0,81.0,A
515,2,0,26.0,A
516,2,0,79.0,A
517,2,0,27.0,A
518,2,0,31.0,A
519,2,0,73.0,A
520,2,0,34.0,A
521,2,0,25.0,A
522,2,0,40.0,A
523,2,0,64.0,A
524,2,0,39.0,A
525,2,0,77.0,A
526,2,0,38.0,A
527,2,0,41.0,A
528,2,0,44.0,A
529,2,0,61.0,A
530,2,0,36.0,A
531,2,0,55.0,A
532,2,0,31.0,A
533,2,0,43.0,A
534,2,0,51.0,A
535,2,0,41.0,A
536,2,0,56.0,A
537,2,0,34.0,A
538,2,0,39.0,A
539,2,0,31.0,A
540,2,0,62.0,A
541,2,0,58.0,A
542,2,0,31.0,A
543,2,0,47.0,A
544,2,0,65.0,A
545,2,0,49.0,A
546,2,0,31.0,A
547,2,0,41.0,A
548,2,0,43.0,A
549,2,0,97.0,A
550,2,0,57.0,A
551,2,0,45.0,A
552,2,0,52.0,A
553,2,0,27.0,A
554,2,0,42.0,A
555,2,0,39.0,A
556,2,0,47.0,A
557,2,0,23.0,A
558,2,0,45.0,A
559,2,0,26.0,A
560,2,0,39.0,A
561,2,0,28.0,A
562,2,0,44.0,A
563,2,0,62.0,A
564,2,0,33.0,A
565,2,0,69.0,A
566,2,0,30.0,A
567,2,0,31.0,A
568,2,0,53.0,A
569,2,0,44.0,A
570,2,0,33.0,A
571,2,0,33.0,A
572,2,0,38.0,A
573,2,0,37.0,A
574,2,0,74.0,A
575,2,0,102.0,A
576,2,0,41.0,A
577,2,0,72.0,A
578,2,0,50.0,A
579,2,0,28.0,A
580,2,0,76.0,A
581,2,0,23.0,A
582,2,0,48.0,A
583,2,0,64.0,A
584,2,0,62.0,A
585,2,0,121.0,A
586,2,0,21.0,A
587,2,0,58.0,A
588,2,0,99.0,A
589,2,0,62.0,A
590,2,0,69.0,A
591,2,0,40.0,A
592,2,0,25.0,A
593,2,0,21.0,A
594,2,0,83.0,A
595,2,0,54.0,A
596,2,0,45.0,A
597,2,0,34.0,A
598,2,0,25.0,A
599,2,0,35.0,A
600,2,0,41.0,A
601,2,0,53.0,B
602,2,0,34.0,B
603,2,0,29.0,B
604,2,0,34.0,B
605,2,0,42.0,B
606,2,0,45.0,B
607,2,0,39.0,B
608,2,0,40.0,B
609,2,0,35.0,B
610,2,0,36.0,B
611,2,0,62.0,B
612,2,0,26.0,B
613,2,0,35.0,B
614,2,0,25.0,B
615,2,0,22.0,B
616,2,0,43.0,B
617,2,0,47.0,B
618,2,0,26.0,B
619,2,0,28.0,B
620,2,0,85.0,B
621,2,0,82.0,B
622,2,0,29.0,B
623,2,0,41.0,B
624,2,0,35.0,B
625,2,0,31.0,B
626,2,0,37.0,B
627,2,0,41.0,B
628,2,0,34.0,B
629,2,0,47.0,B
630,2,0,26.0,B
631,2,0,23.0,B
632,2,0,23.0,B
633,2,0,52.0,B
634,2,0,25.0,B
635,2,0,34.0,B
636,2,0,35.0,B
637,2,0,34.0,B
638,2,0,71.0,B
639,2,0,39.0,B
640,2,0,71.0,B
641,2,0,25.0,B
642,2,0,34.0,B
643,2,0,38.0,B
644,2,0,52.0,B
645,2,0,25.0,B
646,2,0,47.0,B
647,2,0,53.0,B
648,2,0,21.0,B
649,2,0,40.0,B
650,2,0,23.0,B
651,2,0,28.0,B
652,2,0,33.0,B
653,2,0,33.0,B
654,2,0,37.0,B
655,2,0,23.0,B
656,2,0,51.0,B
657,2,0,83.0,B
658,2,0,33.0,B
659,2,0,99.0,B
660,2,0,26.0,B
661,2,0,50.0,B
662,2,0,22.0,B
663,2,0,100.0,B
664,2,0,40.0,B
665,2,0,26.0,B
666,2,0,84.0,B
667,2,0,44.0,B
668,2,0,35.0,B
669,2,0,24.0,B
670,2,0,34.0,B
671,2,0,54.0,B
672,2,0,35.0,B
673,2,0,31.0,B
674,2,0,75.0,B
675,2,0,31.0,B
676,2,0,26.0,B
677,2,0,27.0,B
678,2,0,27.0,B
679,2,0,94.0,B
680,2,0,57.0,B
681,2,0,57.0,B
682,2,0,54.0,B
683,2,0,32.0,B
684,2,0,41.0,B
685,2,0,30.0,B
686,2,0,97.0,B
687,2,0,21.0,B
688,2,0,34.0,B
689,2,0,37.0,B
690,2,0,35.0,B
691,2,0,47.0,B
692,2,0,28.0,B
693,2,0,40.0,B
694,2,0,35.0,B
695,2,0,37.0,B
696,2,0,36.0,B
697,2,0,40.0,B
698,2,0,46.0,B
699,2,0,38.0,B
700,2,0,36.0,B
701,2,0,20.0,B
702,2,0,26.0,B
703,2,0,47.0,B
704,2,0,89.0,B
705,2,0,22.0,B
706,2,0,73.0,B
707,2,0,36.0,B
708,2,0,27.0,B
709,2,0,24.0,B
710,2,0,35.0,B
711,2,0,90.0,B
712,2,0,78.0,B
713,2,0,28.0,B
714,2,0,30.0,B
715,2,0,52.0,B
716,2,0,43.0,B
717,2,0,32.0,B
718,2,0,88.0,B
719,2,0,52.0,B
720,2,0,26.0,B
721,2,0,49.0,B
722,2,0,102.0,B
723,2,0,43.0,B
724,2,0,27.0,B
725,2,0,29.0,B
726,2,0,33.0,B
727,2,0,43.0,B
728,2,0,26.0,B
729,2,0,30.0,B
730,2,0,76.0,B
731,2,0,39.0,B
732,2,0,27.0,B
733,2,0,86.0,B
734,2,0,63.0,B
735,2,0,36.0,B
736,2,0,46.0,B
737,2,0,36.0,B
738,2,0,32.0,B
739,2,0,35.0,B
740,2,0,30.0,B
741,2,0,30.0,B
742,2,0,30.0,B
743,2,0,52.0,B
744,2,0,44.0,B
745,2,0,38.0,B
746,2,0,35.0,B
747,2,0,30.0,B
748,2,0,42.0,B
749,2,0,34.0,B
750,2,0,50.0,B
751,2,0,26.0,B
752,2,0,28.0,B
753,2,0,26.0,B
754,2,0,57.0,B
755,2,0,26.0,B
756,2,0,35.0,B
757,2,0,35.0,B
758,2,0,42.0,B
759,2,0,47.0,B
760,2,0,25.0,B
761,2,0,39.0,B
762,2,0,50.0,B
763,2,0,98.0,B
764,2,0,23.0,B
765,2,0,25.0,B
766,2,0,50.0,B
767,2,0,36.0,B
768,2,0,30.0,B
769,2,0,62.0,B
770,2,0,50.0,B
771,2,0,29.0,B
772,2,0,36.0,B
773,2,0,35.0,B
774,2,0,50.0,B
775,2,0,62.0,B
776,2,0,45.0,B
777,2,0,52.0,B
778,2,0,41.0,B
779,2,0,45.0,B
780,2,0,54.0,B
781,2,0,66.0,B
782,2,0,47.0,B
783,2,0,31.0,B
784,2,0,32.0,B
785,2,0,29.0,B
786,2,0,60.0,B
787,2,0,100.0,B
788,2,0,94.0,B
789,2,0,59.0,B
790,2,0,47.0,B
791,2,0,38.0,B
792,2,0,22.0,B
793,2,0,41.0,B
794,2,0,31.0,B
795,2,0,38.0,B
796,2,0,31.0,B
797,2,0,43.0,B
798,2,0,46.0,B
799,2,0,87.0,B
800,2,0,31.0,B
1,0,1,41.0,A
2,0,1,52.0,A
3,0,1,78.0,A
4,0,1,36.0,A
5,0,1,59.0,A
6,0,1,42.0,A
7,0,1,28.0,A
8,0,1,19.0,A
9,0,1,62.0,A
10,0,1,26.0,A
11,0,1,25.0,A
12,0,1,37.0,A
13,0,1,46.0,A
14,0,1,51.0,A
15,0,1,43.0,A
16,0,1,46.0,A
17,0,1,86.0,A
18,0,1,41.0,A
19,0,1,45.0,A
20,0,1,30.0,A
21,0,1,46.0,A
22,0,1,33.0,A
23,0,1,33.0,A
24,0,1,23.0,A
25,0,1,38.0,A
26,0,1,50.0,A
27,0,1,36.0,A
28,0,1,23.0,A
29,0,1,39.0,A
30,0,1,30.0,A
31,0,1,23.0,A
32,0,1,30.0,A
33,0,1,29.0,A
34,0,1,33.0,A
35,0,1,36.0,A
36,0,1,40.0,A
37,0,1,31.0,A
38,0,1,30.0,A
39,0,1,24.0,A
40,0,1,28.0,A
41,0,1,36.0,A
42,0,1,73.0,A
43,0,1,42.0,A
44,0,1,31.0,A
45,0,1,28.0,A
46,0,1,54.0,A
47,0,1,116.0,A
48,0,1,28.0,A
49,0,1,30.0,A
50,0,1,36.0,A
51,0,1,59.0,A
52,0,1,23.0,A
53,0,1,56.0,A
54,0,1,46.0,A
55,0,1,36.0,A
56,0,1,33.0,A
57,0,1,53.0,A
58,0,1,50.0,A
59,0,1,31.0,A
60,0,1,28.0,A
61,0,1,43.0,A
62,0,1,28.0,A
63,0,1,54.0,A
64,0,1,27.0,A
65,0,1,49.0,A
66,0,1,67.0,A
67,0,1,31.0,A
68,0,1,49.0,A
69,0,1,46.0,A
70,0,1,78.0,A
71,0,1,49.0,A
72,0,1,33.0,A
73,0,1,31.0,A
74,0,1,41.0,A
75,0,1,24.0,A
76,0,1,50.0,A
77,0,1,51.0,A
78,0,1,59.0,A
79,0,1,38.0,A
80,0,1,26.0,A
81,0,1,66.0,A
82,0,1,27.0,A
83,0,1,24.0,A
84,0,1,30.0,A
85,0,1,42.0,A
86,0,1,28.0,A
87,0,1,23.0,A
88,0,1,50.0,A
89,0,1,32.0,A
90,0,1,33.0,A
91,0,1,48.0,A
92,0,1,41.0,A
93,0,1,30.0,A
94,0,1,51.0,A
95,0,1,51.0,A
96,0,1,34.0,A
97,0,1,36.0,A
98,0,1,45.0,A
99,0,1,29.0,A
100,0,1,32.0,A
101,0,1,51.0,A
102,0,1,32.0,A
103,0,1,21.0,A
104,0,1,73.0,A
105,0,1,30.0,A
106,0,1,73.0,A
107,0,1,44.0,A
108,0,1,67.0,A
109,0,1,40.0,A
110,0,1,31.0,A
111,0,1,29.0,A
112,0,1,41.0,A
113,0,1,38.0,A
114,0,1,46.0,A
115,0,1,26.0,A
116,0,1,28.0,A
117,0,1,27.0,A
118,0,1,37.0,A
119,0,1,49.0,A
120,0,1,62.0,A
121,0,1,43.0,A
122,0,1,30.0,A
123,0,1,89.0,A
124,0,1,34.0,A
125,0,1,38.0,A
126,0,1,32.0,A
127,0,1,29.0,A
128,0,1,44.0,A
129,0,1,52.0,A
130,0,1,63.0,A
131,0,1,26.0,A
132,0,1,46.0,A
133,0,1,33.0,A
134,0,1,53.0,A
135,0,1,36.0,A
136,0,1,23.0,A
137,0,1,35.0,A
138,0,1,35.0,A
139,0,1,26.0,A
140,0,1,30.0,A
141,0,1,39.0,A
142,0,1,28.0,A
143,0,1,28.0,A
144,0,1,38.0,A
145,0,1,46.0,A
146,0,1,29.0,A
147,0,1,46.0,A
148,0,1,37.0,A
149,0,1,53.0,A
150,0,1,20.0,A
151,0,1,26.0,A
152,0,1,26.0,A
153,0,1,32.0,A
154,0,1,23.0,A
155,0,1,31.0,A
156,0,1,40.0,A
157,0,1,22.0,A
158,0,1,47.0,A
159,0,1,93.0,A
160,0,1,28.0,A
161,0,1,26.0,A
162,0,1,28.0,A
163,0,1,39.0,A
164,0,1,35.0,A
165,0,1,36.0,A
166,0,1,50.0,A
167,0,1,61.0,A
168,0,1,27.0,A
169,0,1,38.0,A
170,0,1,45.0,A
171,0,1,31.0,A
172,0,1,28.0,A
173,0,1,39.0,A
174,0,1,51.0,A
175,0,1,24.0,A
176,0,1,32.0,A
177,0,1,100.0,A
178,0,1,35.0,A
179,0,1,29.0,A
180,0,1,28.0,A
181,0,1,39.0,A
182,0,1,82.0,A
183,0,1,36.0,A
184,0,1,66.0,A
185,0,1,29.0,A
186,0,1,124.0,A
187,0,1,33.0,A
188,0,1,28.0,A
189,0,1,22.0,A
190,0,1,55.0,A
191,0,1,43.0,A
192,0,1,32.0,A
193,0,1,24.0,A
194,0,1,56.0,A
195,0,1,69.0,A
196,0,1,35.0,A
197,0,1,36.0,A
198,0,1,38.0,A
199,0,1,40.0,A
200,0,1,25.0,A
201,0,1,30.0,B
202,0,1,38.0,B
203,0,1,44.0,B
204,0,1,31.0,B
205,0,1,32.0,B
206,0,1,34.0,B
207,0,1,29.0,B
208,0,1,31.0,B
209,0,1,23.0,B
210,0,1,60.0,B
211,0,1,20.0,B
212,0,1,32.0,B
213,0,1,51.0,B
214,0,1,46.0,B
215,0,1,118.0,B
216,0,1,57.0,B
217,0,1,57.0,B
218,0,1,64.0,B
219,0,1,46.0,B
220,0,1,52.0,B
221,0,1,37.0,B
222,0,1,46.0,B
223,0,1,38.0,B
224,0,1,22.0,B
225,0,1,22.0,B
226,0,1,31.0,B
227,0,1,28.0,B
228,0,1,128.0,B
229,0,1,35.0,B
230,0,1,26.0,B
231,0,1,39.0,B
232,0,1,44.0,B
233,0,1,28.0,B
234,0,1,42.0,B
235,0,1,63.0,B
236,0,1,29.0,B
237,0,1,28.0,B
238,0,1,26.0,B
239,0,1,24.0,B
240,0,1,36.0,B
241,0,1,29.0,B
242,0,1,38.0,B
243,0,1,52.0,B
244,0,1,34.0,B
245,0,1,32.0,B
246,0,1,84.0,B
247,0,1,48.0,B
248,0,1,44.0,B
249,0,1,48.0,B
250,0,1,50.0,B
251,0,1,42.0,B
252,0,1,34.0,B
253,0,1,31.0,B
254,0,1,38.0,B
255,0,1,45.0,B
256,0,1,33.0,B
257,0,1,32.0,B
258,0,1,35.0,B
259,0,1,34.0,B
260,0,1,27.0,B
261,0,1,43.0,B
262,0,1,56.0,B
263,0,1,32.0,B
264,0,1,29.0,B
265,0,1,35.0,B
266,0,1,30.0,B
267,0,1,51.0,B
268,0,1,25.0,B
269,0,1,38.0,B
270,0,1,25.0,B
271,0,1,48.0,B
272,0,1,40.0,B
273,0,1,40.0,B
274,0,1,28.0,B
275,0,1,48.0,B
276,0,1,40.0,B
277,0,1,96.0,B
278,0,1,34.0,B
279,0,1,38.0,B
280,0,1,27.0,B
281,0,1,35.0,B
282,0,1,23.0,B
283,0,1,30.0,B
284,0,1,28.0,B
285,0,1,23.0,B
286,0,1,41.0,B
287,0,1,35.0,B
288,0,1,55.0,B
289,0,1,42.0,B
290,0,1,30.0,B
291,0,1,72.0,B
292,0,1,28.0,B
293,0,1,52.0,B
294,0,1,22.0,B
295,0,1,43.0,B
296,0,1,26.0,B
297,0,1,43.0,B
298,0,1,30.0,B
299,0,1,48.0,B
300,0,1,29.0,B
301,0,1,33.0,B
302,0,1,33.0,B
303,0,1,57.0,B
304,0,1,33.0,B
305,0,1,53.0,B
306,0,1,43.0,B
307,0,1,50.0,B
308,0,1,31.0,B
309,0,1,37.0,B
310,0,1,29.0,B
311,0,1,43.0,B
312,0,1,30.0,B
313,0,1,23.0,B
314,0,1,31.0,B
315,0,1,29.0,B
316,0,1,27.0,B
317,0,1,87.0,B
318,0,1,24.0,B
319,0,1,24.0,B
320,0,1,35.0,B
321,0,1,24.0,B
322,0,1,46.0,B
323,0,1,30.0,B
324,0,1,37.0,B
325,0,1,45.0,B
326,0,1,54.0,B
327,0,1,29.0,B
328,0,1,38.0,B
329,0,1,32.0,B
330,0,1,28.0,B
331,0,1,33.0,B
332,0,1,30.0,B
333,0,1,50.0,B
334,0,1,77.0,B
335,0,1,36.0,B
336,0,1,55.0,B
337,0,1,33.0,B
338,0,1,31.0,B
339,0,1,42.0,B
340,0,1,36.0,B
341,0,1,44.0,B
342,0,1,74.0,B
343,0,1,55.0,B
344,0,1,37.0,B
345,0,1,51.0,B
346,0,1,37.0,B
347,0,1,69.0,B
348,0,1,53.0,B
349,0,1,24.0,B
350,0,1,32.0,B
351,0,1,35.0,B
352,0,1,24.0,B
353,0,1,27.0,B
354,0,1,25.0,B
355,0,1,51.0,B
356,0,1,61.0,B
357,0,1,47.0,B
358,0,1,28.0,B
359,0,1,78.0,B
360,0,1,41.0,B
361,0,1,25.0,B
362,0,1,46.0,B
363,0,1,33.0,B
364,0,1,24.0,B
365,0,1,69.0,B
366,0,1,66.0,B
367,0,1,35.0,B
368,0,1,38.0,B
369,0,1,60.0,B
370,0,1,27.0,B
371,0,1,39.0,B
372,0,1,26.0,B
373,0,1,38.0,B
374,0,1,27.0,B
375,0,1,35.0,B
376,0,1,62.0,B
377,0,1,31.0,B
378,0,1,34.0,B
379,0,1,30.0,B
380,0,1,38.0,B
381,0,1,36.0,B
382,0,1,63.0,B
383,0,1,21.0,B
384,0,1,38.0,B
385,0,1,23.0,B
386,0,1,66.0,B
387,0,1,32.0,B
388,0,1,43.0,B
389,0,1,61.0,B
390,0,1,24.0,B
391,0,1,45.0,B
392,0,1,23.0,B
393,0,1,28.0,B
394,0,1,32.0,B
395,0,1,36.0,B
396,0,1,67.0,B
397,0,1,45.0,B
398,0,1,20.0,B
399,0,1,42.0,B
400,0,1,62.0,B
401,0,1,68.0,A
402,0,1,45.0,A
403,0,1,24.0,A
404,0,1,34.0,A
405,0,1,21.0,A
406,0,1,34.0,A
407,0,1,25.0,A
408,0,1,50.0,A
409,0,1,47.0,A
410,0,1,30.0,A
411,0,1,111.0,A
412,0,1,68.0,A
413,0,1,25.0,A
414,0,1,28.0,A
415,0,1,36.0,A
416,0,1,57.0,A
417,0,1,29.0,A
418,0,1,28.0,A
419,0,1,43.0,A
420,0,1,42.0,A
421,0,1,35.0,A
422,0,1,40.0,A
423,0,1,26.0,A
424,0,1,39.0,A
425,0,1,67.0,A
426,0,1,25.0,A
427,0,1,87.0,A
428,0,1,23.0,A
429,0,1,55.0,A
430,0,1,37.0,A
431,0,1,22.0,A
432,0,1,54.0,A
433,0,1,24.0,A
434,0,1,32.0,A
435,0,1,32.0,A
436,0,1,55.0,A
437,0,1,92.0,A
438,0,1,51.0,A
439,0,1,68.0,A
440,0,1,26.0,A
441,0,1,43.0,A
442,0,1,28.0,A
443,0,1,43.0,A
444,0,1,26.0,A
445,0,1,31.0,A
446,0,1,59.0,A
447,0,1,38.0,A
448,0,1,37.0,A
449,0,1,27.0,A
450,0,1,48.0,A
451,0,1,42.0,A
452,0,1,32.0,A
453,0,1,23.0,A
454,0,1,50.0,A
455,0,1,32.0,A
456,0,1,36.0,A
457,0,1,34.0,A
458,0,1,26.0,A
459,0,1,39.0,A
460,0,1,33.0,A
461,0,1,30.0,A
462,0,1,23.0,A
463,0,1,22.0,A
464,0,1,55.0,A
465,0,1,33.0,A
466,0,1,42.0,A
467,0,1,60.0,A
468,0,1,26.0,A
469,0,1,51.0,A
470,0,1,28.0,A
471,0,1,45.0,A
472,0,1,34.0,A
473,0,1,39.0,A
474,0,1,31.0,A
475,0,1,22.0,A
476,0,1,25.0,A
477,0,1,50.0,A
478,0,1,55.0,A
479,0,1,29.0,A
480,0,1,20.0,A
481,0,1,41.0,A
482,0,1,50.0,A
483,0,1,43.0,A
484,0,1,27.0,A
485,0,1,27.0,A
486,0,1,36.0,A
487,0,1,24.0,A
488,0,1,30.0,A
489,0,1,35.0,A
490,0,1,34.0,A
491,0,1,20.0,A
492,0,1,28.0,A
493,0,1,29.0,A
494,0,1,19.0,A
495,0,1,33.0,A
496,0,1,80.0,A
497,0,1,36.0,A
498,0,1,46.0,A
499,0,1,23.0,A
500,0,1,30.0,A
501,0,1,63.0,A
502,0,1,28.0,A
503,0,1,28.0,A
504,0,1,68.0,A
505,0,1,27.0,A
506,0,1,42.0,A
507,0,1,46.0,A
508,0,1,70.0,A
509,0,1,42.0,A
510,0,1,25.0,A
511,0,1,40.0,A
512,0,1,20.0,A
513,0,1,23.0,A
514,0,1,43.0,A
515,0,1,38.0,A
516,0,1,53.0,A
517,0,1,17.0,A
518,0,1,32.0,A
519,0,1,45.0,A
520,0,1,38.0,A
521,0,1,53.0,A
522,0,1,24.0,A
523,0,1,48.0,A
524,0,1,22.0,A
525,0,1,23.0,A
526,0,1,36.0,A
527,0,1,37.0,A
528,0,1,35.0,A
529,0,1,28.0,A
530,0,1,27.0,A
531,0,1,31.0,A
532,0,1,40.0,A
533,0,1,53.0,A
534,0,1,27.0,A
535,0,1,36.0,A
536,0,1,27.0,A
537,0,1,56.0,A
538,0,1,41.0,A
539,0,1,24.0,A
540,0,1,29.0,A
541,0,1,28.0,A
542,0,1,25.0,A
543,0,1,24.0,A
544,0,1,35.0,A
545,0,1,31.0,A
546,0,1,50.0,A
547,0,1,21.0,A
548,0,1,35.0,A
549,0,1,30.0,A
550,0,1,33.0,A
551,0,1,25.0,A
552,0,1,31.0,A
553,0,1,20.0,A
554,0,1,49.0,A
555,0,1,38.0,A
556,0,1,44.0,A
557,0,1,50.0,A
558,0,1,40.0,A
559,0,1,53.0,A
560,0,1,22.0,A
561,0,1,23.0,A
562,0,1,45.0,A
563,0,1,20.0,A
564,0,1,23.0,A
565,0,1,39.0,A
566,0,1,81.0,A
567,0,1,28.0,A
568,0,1,37.0,A
569,0,1,21.0,A
570,0,1,26.0,A
571,0,1,100.0,A
572,0,1,36.0,A
573,0,1,48.0,A
574,0,1,42.0,A
575,0,1,28.0,A
576,0,1,39.0,A
577,0,1,50.0,A
578,0,1,19.0,A
579,0,1,26.0,A
580,0,1,41.0,A
581,0,1,37.0,A
582,0,1,25.0,A
583,0,1,48.0,A
584,0,1,31.0,A
585,0,1,19.0,A
586,0,1,40.0,A
587,0,1,28.0,A
588,0,1,20.0,A
589,0,1,57.0,A
590,0,1,36.0,A
591,0,1,20.0,A
592,0,1,29.0,A
593,0,1,44.0,A
594,0,1,24.0,A
595,0,1,18.0,A
596,0,1,20.0,A
597,0,1,41.0,A
598,0,1,34.0,A
599,0,1,33.0,A
600,0,1,47.0,A
601,0,1,29.0,B
602,0,1,22.0,B
603,0,1,54.0,B
604,0,1,29.0,B
605,0,1,42.0,B
606,0,1,40.0,B
607,0,1,72.0,B
608,0,1,40.0,B
609,0,1,33.0,B
610,0,1,33.0,B
611,0,1,19.0,B
612,0,1,51.0,B
613,0,1,42.0,B
614,0,1,32.0,B
615,0,1,56.0,B
616,0,1,31.0,B
617,0,1,48.0,B
618,0,1,50.0,B
619,0,1,45.0,B
620,0,1,27.0,B
621,0,1,38.0,B
622,0,1,53.0,B
623,0,1,32.0,B
624,0,1,50.0,B
625,0,1,39.0,B
626,0,1,33.0,B
627,0,1,28.0,B
628,0,1,53.0,B
629,0,1,35.0,B
630,0,1,23.0,B
631,0,1,38.0,B
632,0,1,41.0,B
633,0,1,19.0,B
634,0,1,41.0,B
635,0,1,28.0,B
636,0,1,33.0,B
637,0,1,34.0,B
638,0,1,30.0,B
639,0,1,51.0,B
640,0,1,34.0,B
641,0,1,36.0,B
642,0,1,26.0,B
643,0,1,28.0,B
644,0,1,46.0,B
645,0,1,43.0,B
646,0,1,28.0,B
647,0,1,36.0,B
648,0,1,42.0,B
649,0,1,79.0,B
650,0,1,51.0,B
651,0,1,45.0,B
652,0,1,34.0,B
653,0,1,24.0,B
654,0,1,54.0,B
655,0,1,26.0,B
656,0,1,49.0,B
657,0,1,45.0,B
658,0,1,27.0,B
659,0,1,20.0,B
660,0,1,22.0,B
661,0,1,44.0,B
662,0,1,35.0,B
663,0,1,24.0,B
664,0,1,120.0,B
665,0,1,39.0,B
666,0,1,56.0,B
667,0,1,37.0,B
668,0,1,50.0,B
669,0,1,38.0,B
670,0,1,43.0,B
671,0,1,71.0,B
672,0,1,25.0,B
673,0,1,28.0,B
674,0,1,44.0,B
675,0,1,41.0,B
676,0,1,46.0,B
677,0,1,34.0,B
678,0,1,39.0,B
679,0,1,41.0,B
680,0,1,32.0,B
681,0,1,28.0,B
682,0,1,80.0,B
683,0,1,36.0,B
684,0,1,59.0,B
685,0,1,31.0,B
686,0,1,33.0,B
687,0,1,61.0,B
688,0,1,51.0,B
689,0,1,45.0,B
690,0,1,35.0,B
691,0,1,40.0,B
692,0,1,42.0,B
693,0,1,51.0,B
694,0,1,78.0,B
695,0,1,33.0,B
696,0,1,70.0,B
697,0,1,33.0,B
698,0,1,29.0,B
699,0,1,26.0,B
700,0,1,27.0,B
701,0,1,46.0,B
702,0,1,56.0,B
703,0,1,22.0,B
704,0,1,24.0,B
705,0,1,35.0,B
706,0,1,125.0,B
707,0,1,44.0,B
708,0,1,27.0,B
709,0,1,28.0,B
710,0,1,52.0,B
711,0,1,23.0,B
712,0,1,34.0,B
713,0,1,37.0,B
714,0,1,23.0,B
715,0,1,29.0,B
716,0,1,31.0,B
717,0,1,40.0,B
718,0,1,43.0,B
719,0,1,31.0,B
720,0,1,27.0,B
721,0,1,32.0,B
722,0,1,43.0,B
723,0,1,29.0,B
724,0,1,29.0,B
725,0,1,33.0,B
726,0,1,39.0,B
727,0,1,24.0,B
728,0,1,84.0,B
729,0,1,57.0,B
730,0,1,53.0,B
731,0,1,22.0,B
732,0,1,36.0,B
733,0,1,36.0,B
734,0,1,32.0,B
735,0,1,29.0,B
736,0,1,48.0,B
737,0,1,33.0,B
738,0,1,54.0,B
739,0,1,36.0,B
740,0,1,27.0,B
741,0,1,30.0,B
742,0,1,44.0,B
743,0,1,25.0,B
744,0,1,32.0,B
745,0,1,41.0,B
746,0,1,46.0,B
747,0,1,33.0,B
748,0,1,52.0,B
749,0,1,25.0,B
750,0,1,30.0,B
751,0,1,33.0,B
752,0,1,49.0,B
753,0,1,29.0,B
754,0,1,37.0,B
755,0,1,29.0,B
756,0,1,27.0,B
757,0,1,52.0,B
758,0,1,44.0,B
759,0,1,29.0,B
760,0,1,31.0,B
761,0,1,27.0,B
762,0,1,33.0,B
763,0,1,26.0,B
764,0,1,60.0,B
765,0,1,31.0,B
766,0,1,37.0,B
767,0,1,55.0,B
768,0,1,40.0,B
769,0,1,25.0,B
770,0,1,79.0,B
771,0,1,43.0,B
772,0,1,30.0,B
773,0,1,54.0,B
774,0,1,30.0,B
775,0,1,35.0,B
776,0,1,22.0,B
777,0,1,38.0,B
778,0,1,37.0,B
779,0,1,37.0,B
780,0,1,21.0,B
781,0,1,31.0,B
782,0,1,40.0,B
783,0,1,82.0,B
784,0,1,32.0,B
785,0,1,75.0,B
786,0,1,32.0,B
787,0,1,65.0,B
788,0,1,24.0,B
789,0,1,42.0,B
790,0,1,30.0,B
791,0,1,25.0,B
792,0,1,23.0,B
793,0,1,28.0,B
794,0,1,40.0,B
795,0,1,57.0,B
796,0,1,27.0,B
797,0,1,38.0,B
798,0,1,51.0,B
799,0,1,34.0,B
800,0,1,54.0,B
1,1,1,51.0,A
2,1,1,37.0,A
3,1,1,32.0,A
4,1,1,42.0,A
5,1,1,76.0,A
6,1,1,53.0,A
7,1,1,42.0,A
8,1,1,82.0,A
9,1,1,91.0,A
10,1,1,34.0,A
11,1,1,25.0,A
12,1,1,65.0,A
13,1,1,27.0,A
14,1,1,27.0,A
15,1,1,64.0,A
16,1,1,40.0,A
17,1,1,39.0,A
18,1,1,111.0,A
19,1,1,34.0,A
20,1,1,68.0,A
21,1,1,30.0,A
22,1,1,57.0,A
23,1,1,42.0,A
24,1,1,66.0,A
25,1,1,28.0,A
26,1,1,48.0,A
27,1,1,33.0,A
28,1,1,32.0,A
29,1,1,37.0,A
30,1,1,46.0,A
31,1,1,35.0,A
32,1,1,67.0,A
33,1,1,45.0,A
34,1,1,64.0,A
35,1,1,34.0,A
36,1,1,74.0,A
37,1,1,72.0,A
38,1,1,35.0,A
39,1,1,56.0,A
40,1,1,38.0,A
41,1,1,38.0,A
42,1,1,82.0,A
43,1,1,47.0,A
44,1,1,38.0,A
45,1,1,51.0,A
46,1,1,49.0,A
47,1,1,116.0,A
48,1,1,42.0,A
49,1,1,40.0,A
50,1,1,48.0,A
51,1,1,57.0,A
52,1,1,61.0,A
53,1,1,36.0,A
54,1,1,57.0,A
55,1,1,28.0,A
56,1,1,30.0,A
57,1,1,35.0,A
58,1,1,78.0,A
59,1,1,28.0,A
60,1,1,46.0,A
61,1,1,23.0,A
62,1,1,29.0,A
63,1,1,45.0,A
64,1,1,36.0,A
65,1,1,33.0,A
66,1,1,29.0,A
67,1,1,32.0,A
68,1,1,72.0,A
69,1,1,66.0,A
70,1,1,30.0,A
71,1,1,37.0,A
72,1,1,25.0,A
73,1,1,23.0,A
74,1,1,71.0,A
75,1,1,31.0,A
76,1,1,51.0,A
77,1,1,38.0,A
78,1,1,67.0,A
79,1,1,54.0,A
80,1,1,27.0,A
81,1,1,48.0,A
82,1,1,35.0,A
83,1,1,24.0,A
84,1,1,39.0,A
85,1,1,60.0,A
86,1,1,39.0,A
87,1,1,79.0,A
88,1,1,41.0,A
89,1,1,48.0,A
90,1,1,32.0,A
91,1,1,46.0,A
92,1,1,39.0,A
93,1,1,53.0,A
94,1,1,75.0,A
95,1,1,32.0,A
96,1,1,28.0,A
97,1,1,34.0,A
98,1,1,24.0,A
99,1,1,27.0,A
100,1,1,29.0,A
101,1,1,38.0,A
102,1,1,35.0,A
103,1,1,106.0,A
104,1,1,63.0,A
105,1,1,24.0,A
106,1,1,34.0,A
107,1,1,30.0,A
108,1,1,54.0,A
109,1,1,45.0,A
110,1,1,58.0,A
111,1,1,36.0,A
112,1,1,57.0,A
113,1,1,37.0,A
114,1,1,33.0,A
115,1,1,26.0,A
116,1,1,74.0,A
117,1,1,108.0,A
118,1,1,71.0,A
119,1,1,45.0,A
120,1,1,45.0,A
121,1,1,45.0,A
122,1,1,44.0,A
123,1,1,42.0,A
124,1,1,35.0,A
125,1,1,31.0,A
126,1,1,50.0,A
127,1,1,37.0,A
128,1,1,39.0,A
129,1,1,55.0,A
130,1,1,79.0,A
131,1,1,31.0,A
132,1,1,36.0,A
133,1,1,65.0,A
134,1,1,117.0,A
135,1,1,52.0,A
136,1,1,41.0,A
137,1,1,67.0,A
138,1,1,34.0,A
139,1,1,40.0,A
140,1,1,54.0,A
141,1,1,29.0,A
142,1,1,63.0,A
143,1,1,55.0,A
144,1,1,45.0,A
145,1,1,42.0,A
146,1,1,42.0,A
147,1,1,115.0,A
148,1,1,35.0,A
149,1,1,33.0,A
150,1,1,84.0,A
151,1,1,32.0,A
152,1,1,50.0,A
153,1,1,50.0,A
154,1,1,40.0,A
155,1,1,70.0,A
156,1,1,26.0,A
157,1,1,38.0,A
158,1,1,54.0,A
159,1,1,77.0,A
160,1,1,49.0,A
161,1,1,88.0,A
162,1,1,29.0,A
163,1,1,110.0,A
164,1,1,62.0,A
165,1,1,57.0,A
166,1,1,85.0,A
167,1,1,62.0,A
168,1,1,50.0,A
169,1,1,52.0,A
170,1,1,43.0,A
171,1,1,30.0,A
172,1,1,33.0,A
173,1,1,55.0,A
174,1,1,50.0,A
175,1,1,45.0,A
176,1,1,43.0,A
177,1,1,39.0,A
178,1,1,124.0,A
179,1,1,67.0,A
180,1,1,28.0,A
181,1,1,33.0,A
182,1,1,45.0,A
183,1,1,36.0,A
184,1,1,40.0,A
185,1,1,45.0,A
186,1,1,38.0,A
187,1,1,140.0,A
188,1,1,36.0,A
189,1,1,35.0,A
190,1,1,82.0,A
191,1,1,58.0,A
192,1,1,77.0,A
193,1,1,60.0,A
194,1,1,57.0,A
195,1,1,54.0,A
196,1,1,57.0,A
197,1,1,45.0,A
198,1,1,36.0,A
199,1,1,51.0,A
200,1,1,68.0,A
201,1,1,28.0,B
202,1,1,127.0,B
203,1,1,32.0,B
204,1,1,39.0,B
205,1,1,43.0,B
206,1,1,59.0,B
207,1,1,34.0,B
208,1,1,83.0,B
209,1,1,54.0,B
210,1,1,40.0,B
211,1,1,28.0,B
212,1,1,25.0,B
213,1,1,38.0,B
214,1,1,78.0,B
215,1,1,47.0,B
216,1,1,75.0,B
217,1,1,80.0,B
218,1,1,54.0,B
219,1,1,56.0,B
220,1,1,72.0,B
221,1,1,40.0,B
222,1,1,36.0,B
223,1,1,25.0,B
224,1,1,27.0,B
225,1,1,30.0,B
226,1,1,90.0,B
227,1,1,23.0,B
228,1,1,35.0,B
229,1,1,46.0,B
230,1,1,35.0,B
231,1,1,65.0,B
232,1,1,37.0,B
233,1,1,64.0,B
234,1,1,52.0,B
235,1,1,75.0,B
236,1,1,49.0,B
237,1,1,60.0,B
238,1,1,95.0,B
239,1,1,27.0,B
240,1,1,63.0,B
241,1,1,41.0,B
242,1,1,42.0,B
243,1,1,51.0,B
244,1,1,29.0,B
245,1,1,79.0,B
246,1,1,33.0,B
247,1,1,59.0,B
248,1,1,37.0,B
249,1,1,27.0,B
250,1,1,52.0,B
251,1,1,34.0,B
252,1,1,42.0,B
253,1,1,53.0,B
254,1,1,58.0,B
255,1,1,75.0,B
256,1,1,62.0,B
257,1,1,34.0,B
258,1,1,58.0,B
259,1,1,55.0,B
260,1,1,29.0,B
261,1,1,39.0,B
262,1,1,24.0,B
263,1,1,44.0,B
264,1,1,28.0,B
265,1,1,82.0,B
266,1,1,53.0,B
267,1,1,28.0,B
268,1,1,34.0,B
269,1,1,43.0,B
270,1,1,40.0,B
271,1,1,43.0,B
272,1,1,53.0,B
273,1,1,27.0,B
274,1,1,55.0,B
275,1,1,59.0,B
276,1,1,60.0,B
277,1,1,41.0,B
278,1,1,44.0,B
279,1,1,46.0,B
280,1,1,85.0,B
281,1,1,54.0,B
282,1,1,59.0,B
283,1,1,41.0,B
284,1,1,37.0,B
285,1,1,43.0,B
286,1,1,40.0,B
287,1,1,36.0,B
288,1,1,42.0,B
289,1,1,64.0,B
290,1,1,49.0,B
291,1,1,63.0,B
292,1,1,59.0,B
293,1,1,42.0,B
294,1,1,45.0,B
295,1,1,42.0,B
296,1,1,44.0,B
297,1,1,62.0,B
298,1,1,39.0,B
299,1,1,48.0,B
300,1,1,28.0,B
301,1,1,32.0,B
302,1,1,36.0,B
303,1,1,40.0,B
304,1,1,40.0,B
305,1,1,40.0,B
306,1,1,36.0,B
307,1,1,45.0,B
308,1,1,42.0,B
309,1,1,36.0,B
310,1,1,80.0,B
311,1,1,72.0,B
312,1,1,65.0,B
313,1,1,73.0,B
314,1,1,39.0,B
315,1,1,41.0,B
316,1,1,57.0,B
317,1,1,42.0,B
318,1,1,74.0,B
319,1,1,69.0,B
320,1,1,67.0,B
321,1,1,54.0,B
322,1,1,79.0,B
323,1,1,46.0,B
324,1,1,31.0,B
325,1,1,89.0,B
326,1,1,38.0,B
327,1,1,135.0,B
328,1,1,57.0,B
329,1,1,44.0,B
330,1,1,89.0,B
331,1,1,37.0,B
332,1,1,105.0,B
333,1,1,50.0,B
334,1,1,93.0,B
335,1,1,83.0,B
336,1,1,44.0,B
337,1,1,57.0,B
338,1,1,27.0,B
339,1,1,30.0,B
340,1,1,27.0,B
341,1,1,46.0,B
342,1,1,32.0,B
343,1,1,53.0,B
344,1,1,39.0,B
345,1,1,52.0,B
346,1,1,90.0,B
347,1,1,53.0,B
348,1,1,36.0,B
349,1,1,40.0,B
350,1,1,129.0,B
351,1,1,43.0,B
352,1,1,91.0,B
353,1,1,84.0,B
354,1,1,51.0,B
355,1,1,57.0,B
356,1,1,130.0,B
357,1,1,56.0,B
358,1,1,40.0,B
359,1,1,38.0,B
360,1,1,78.0,B
361,1,1,34.0,B
362,1,1,37.0,B
363,1,1,56.0,B
364,1,1,106.0,B
365,1,1,30.0,B
366,1,1,66.0,B
367,1,1,62.0,B
368,1,1,43.0,B
369,1,1,33.0,B
370,1,1,61.0,B
371,1,1,73.0,B
372,1,1,37.0,B
373,1,1,80.0,B
374,1,1,48.0,B
375,1,1,47.0,B
376,1,1,47.0,B
377,1,1,25.0,B
378,1,1,34.0,B
379,1,1,46.0,B
380,1,1,63.0,B
381,1,1,38.0,B
382,1,1,34.0,B
383,1,1,27.0,B
384,1,1,45.0,B
385,1,1,48.0,B
386,1,1,35.0,B
387,1,1,54.0,B
388,1,1,91.0,B
389,1,1,42.0,B
390,1,1,56.0,B
391,1,1,33.0,B
392,1,1,36.0,B
393,1,1,57.0,B
394,1,1,37.0,B
395,1,1,51.0,B
396,1,1,105.0,B
397,1,1,56.0,B
398,1,1,47.0,B
399,1,1,92.0,B
400,1,1,35.0,B
401,1,1,45.0,A
402,1,1,33.0,A
403,1,1,34.0,A
404,1,1,67.0,A
405,1,1,60.0,A
406,1,1,82.0,A
407,1,1,45.0,A
408,1,1,61.0,A
409,1,1,125.0,A
410,1,1,39.0,A
411,1,1,57.0,A
412,1,1,59.0,A
413,1,1,69.0,A
414,1,1,154.0,A
415,1,1,39.0,A
416,1,1,48.0,A
417,1,1,91.0,A
418,1,1,38.0,A
419,1,1,74.0,A
420,1,1,68.0,A
421,1,1,94.0,A
422,1,1,50.0,A
423,1,1,57.0,A
424,1,1,66.0,A
425,1,1,59.0,A
426,1,1,38.0,A
427,1,1,61.0,A
428,1,1,34.0,A
429,1,1,35.0,A
430,1,1,85.0,A
431,1,1,65.0,A
432,1,1,81.0,A
433,1,1,34.0,A
434,1,1,34.0,A
435,1,1,46.0,A
436,1,1,142.0,A
437,1,1,152.0,A
438,1,1,108.0,A
439,1,1,102.0,A
440,1,1,42.0,A
441,1,1,113.0,A
442,1,1,63.0,A
443,1,1,52.0,A
444,1,1,118.0,A
445,1,1,110.0,A
446,1,1,130.0,A
447,1,1,110.0,A
448,1,1,48.0,A
449,1,1,52.0,A
450,1,1,54.0,A
451,1,1,60.0,A
452,1,1,74.0,A
453,1,1,192.0,A
454,1,1,64.0,A
455,1,1,106.0,A
456,1,1,87.0,A
457,1,1,31.0,A
458,1,1,48.0,A
459,1,1,43.0,A
460,1,1,67.0,A
461,1,1,118.0,A
462,1,1,62.0,A
463,1,1,51.0,A
464,1,1,44.0,A
465,1,1,103.0,A
466,1,1,66.0,A
467,1,1,162.0,A
468,1,1,41.0,A
469,1,1,143.0,A
470,1,1,46.0,A
471,1,1,68.0,A
472,1,1,63.0,A
473,1,1,93.0,A
474,1,1,188.0,A
475,1,1,97.0,A
476,1,1,172.0,A
477,1,1,62.0,A
478,1,1,46.0,A
479,1,1,150.0,A
480,1,1,90.0,A
481,1,1,34.0,A
482,1,1,37.0,A
483,1,1,42.0,A
484,1,1,121.0,A
485,1,1,57.0,A
486,1,1,71.0,A
487,1,1,52.0,A
488,1,1,70.0,A
489,1,1,98.0,A
490,1,1,140.0,A
491,1,1,56.0,A
492,1,1,91.0,A
493,1,1,124.0,A
494,1,1,83.0,A
495,1,1,30.0,A
496,1,1,86.0,A
497,1,1,88.0,A
498,1,1,36.0,A
499,1,1,102.0,A
500,1,1,55.0,A
501,1,1,60.0,A
502,1,1,38.0,A
503,1,1,86.0,A
504,1,1,72.0,A
505,1,1,78.0,A
506,1,1,95.0,A
507,1,1,69.0,A
508,1,1,50.0,A
509,1,1,65.0,A
510,1,1,74.0,A
511,1,1,83.0,A
512,1,1,56.0,A
513,1,1,83.0,A
514,1,1,49.0,A
515,1,1,31.0,A
516,1,1,56.0,A
517,1,1,61.0,A
518,1,1,105.0,A
519,1,1,54.0,A
520,1,1,40.0,A
521,1,1,71.0,A
522,1,1,85.0,A
523,1,1,52.0,A
524,1,1,61.0,A
525,1,1,63.0,A
526,1,1,89.0,A
527,1,1,128.0,A
528,1,1,43.0,A
529,1,1,60.0,A
530,1,1,121.0,A
531,1,1,115.0,A
532,1,1,73.0,A
533,1,1,71.0,A
534,1,1,108.0,A
535,1,1,61.0,A
536,1,1,165.0,A
537,1,1,83.0,A
538,1,1,47.0,A
539,1,1,64.0,A
540,1,1,39.0,A
541,1,1,49.0,A
542,1,1,110.0,A
543,1,1,249.0,A
544,1,1,103.0,A
545,1,1,64.0,A
546,1,1,35.0,A
547,1,1,125.0,A
548,1,1,54.0,A
549,1,1,112.0,A
550,1,1,39.0,A
551,1,1,69.0,A
552,1,1,67.0,A
553,1,1,39.0,A
554,1,1,40.0,A
555,1,1,30.0,A
556,1,1,58.0,A
557,1,1,73.0,A
558,1,1,93.0,A
559,1,1,49.0,A
560,1,1,97.0,A
561,1,1,60.0,A
562,1,1,36.0,A
563,1,1,47.0,A
564,1,1,116.0,A
565,1,1,106.0,A
566,1,1,111.0,A
567,1,1,144.0,A
568,1,1,174.0,A
569,1,1,32.0,A
570,1,1,37.0,A
571,1,1,88.0,A
572,1,1,61.0,A
573,1,1,53.0,A
574,1,1,39.0,A
575,1,1,123.0,A
576,1,1,36.0,A
577,1,1,62.0,A
578,1,1,86.0,A
579,1,1,50.0,A
580,1,1,45.0,A
581,1,1,68.0,A
582,1,1,68.0,A
583,1,1,66.0,A
584,1,1,42.0,A
585,1,1,221.0,A
586,1,1,108.0,A
587,1,1,53.0,A
588,1,1,37.0,A
589,1,1,48.0,A
590,1,1,46.0,A
591,1,1,57.0,A
592,1,1,86.0,A
593,1,1,64.0,A
594,1,1,29.0,A
595,1,1,129.0,A
596,1,1,207.0,A
597,1,1,124.0,A
598,1,1,43.0,A
599,1,1,62.0,A
600,1,1,38.0,A
601,1,1,39.0,B
602,1,1,36.0,B
603,1,1,50.0,B
604,1,1,36.0,B
605,1,1,34.0,B
606,1,1,46.0,B
607,1,1,37.0,B
608,1,1,62.0,B
609,1,1,34.0,B
610,1,1,120.0,B
611,1,1,97.0,B
612,1,1,40.0,B
613,1,1,72.0,B
614,1,1,42.0,B
615,1,1,103.0,B
616,1,1,96.0,B
617,1,1,37.0,B
618,1,1,34.0,B
619,1,1,39.0,B
620,1,1,30.0,B
621,1,1,35.0,B
622,1,1,47.0,B
623,1,1,36.0,B
624,1,1,41.0,B
625,1,1,84.0,B
626,1,1,44.0,B
627,1,1,81.0,B
628,1,1,48.0,B
629,1,1,50.0,B
630,1,1,73.0,B
631,1,1,82.0,B
632,1,1,48.0,B
633,1,1,130.0,B
634,1,1,77.0,B
635,1,1,64.0,B
636,1,1,45.0,B
637,1,1,131.0,B
638,1,1,64.0,B
639,1,1,37.0,B
640,1,1,36.0,B
641,1,1,42.0,B
642,1,1,45.0,B
643,1,1,69.0,B
644,1,1,37.0,B
645,1,1,60.0,B
646,1,1,25.0,B
647,1,1,52.0,B
648,1,1,39.0,B
649,1,1,72.0,B
650,1,1,67.0,B
651,1,1,88.0,B
652,1,1,31.0,B
653,1,1,82.0,B
654,1,1,39.0,B
655,1,1,58.0,B
656,1,1,41.0,B
657,1,1,68.0,B
658,1,1,44.0,B
659,1,1,46.0,B
660,1,1,48.0,B
661,1,1,29.0,B
662,1,1,121.0,B
663,1,1,33.0,B
664,1,1,65.0,B
665,1,1,54.0,B
666,1,1,59.0,B
667,1,1,46.0,B
668,1,1,92.0,B
669,1,1,67.0,B
670,1,1,60.0,B
671,1,1,40.0,B
672,1,1,98.0,B
673,1,1,30.0,B
674,1,1,28.0,B
675,1,1,46.0,B
676,1,1,111.0,B
677,1,1,37.0,B
678,1,1,124.0,B
679,1,1,60.0,B
680,1,1,36.0,B
681,1,1,29.0,B
682,1,1,35.0,B
683,1,1,28.0,B
684,1,1,35.0,B
685,1,1,24.0,B
686,1,1,69.0,B
687,1,1,28.0,B
688,1,1,49.0,B
689,1,1,58.0,B
690,1,1,56.0,B
691,1,1,64.0,B
692,1,1,43.0,B
693,1,1,52.0,B
694,1,1,82.0,B
695,1,1,59.0,B
696,1,1,76.0,B
697,1,1,62.0,B
698,1,1,38.0,B
699,1,1,36.0,B
700,1,1,25.0,B
701,1,1,119.0,B
702,1,1,51.0,B
703,1,1,28.0,B
704,1,1,61.0,B
705,1,1,33.0,B
706,1,1,98.0,B
707,1,1,26.0,B
708,1,1,47.0,B
709,1,1,24.0,B
710,1,1,26.0,B
711,1,1,37.0,B
712,1,1,39.0,B
713,1,1,37.0,B
714,1,1,68.0,B
715,1,1,52.0,B
716,1,1,104.0,B
717,1,1,29.0,B
718,1,1,49.0,B
719,1,1,42.0,B
720,1,1,40.0,B
721,1,1,43.0,B
722,1,1,26.0,B
723,1,1,56.0,B
724,1,1,60.0,B
725,1,1,39.0,B
726,1,1,39.0,B
727,1,1,36.0,B
728,1,1,48.0,B
729,1,1,98.0,B
730,1,1,43.0,B
731,1,1,39.0,B
732,1,1,72.0,B
733,1,1,41.0,B
734,1,1,25.0,B
735,1,1,39.0,B
736,1,1,119.0,B
737,1,1,47.0,B
738,1,1,203.0,B
739,1,1,57.0,B
740,1,1,153.0,B
741,1,1,37.0,B
742,1,1,31.0,B
743,1,1,77.0,B
744,1,1,27.0,B
745,1,1,46.0,B
746,1,1,60.0,B
747,1,1,47.0,B
748,1,1,44.0,B
749,1,1,37.0,B
750,1,1,37.0,B
751,1,1,76.0,B
752,1,1,71.0,B
753,1,1,49.0,B
754,1,1,44.0,B
755,1,1,65.0,B
756,1,1,93.0,B
757,1,1,91.0,B
758,1,1,138.0,B
759,1,1,30.0,B
760,1,1,28.0,B
761,1,1,47.0,B
762,1,1,55.0,B
763,1,1,84.0,B
764,1,1,26.0,B
765,1,1,29.0,B
766,1,1,79.0,B
767,1,1,73.0,B
768,1,1,38.0,B
769,1,1,40.0,B
770,1,1,99.0,B
771,1,1,58.0,B
772,1,1,25.0,B
773,1,1,41.0,B
774,1,1,63.0,B
775,1,1,70.0,B
776,1,1,33.0,B
777,1,1,43.0,B
778,1,1,68.0,B
779,1,1,104.0,B
780,1,1,48.0,B
781,1,1,52.0,B
782,1,1,51.0,B
783,1,1,38.0,B
784,1,1,33.0,B
785,1,1,54.0,B
786,1,1,82.0,B
787,1,1,45.0,B
788,1,1,66.0,B
789,1,1,77.0,B
790,1,1,28.0,B
791,1,1,102.0,B
792,1,1,42.0,B
793,1,1,66.0,B
794,1,1,28.0,B
795,1,1,36.0,B
796,1,1,76.0,B
797,1,1,52.0,B
798,1,1,64.0,B
799,1,1,87.0,B
800,1,1,31.0,B
1,2,1,24.0,A
2,2,1,64.0,A
3,2,1,34.0,A
4,2,1,68.0,A
5,2,1,28.0,A
6,2,1,53.0,A
7,2,1,39.0,A
8,2,1,48.0,A
9,2,1,40.0,A
10,2,1,31.0,A
11,2,1,24.0,A
12,2,1,26.0,A
13,2,1,47.0,A
14,2,1,22.0,A
15,2,1,31.0,A
16,2,1,28.0,A
17,2,1,61.0,A
18,2,1,42.0,A
19,2,1,36.0,A
20,2,1,59.0,A
21,2,1,37.0,A
22,2,1,85.0,A
23,2,1,65.0,A
24,2,1,39.0,A
25,2,1,29.0,A
26,2,1,26.0,A
27,2,1,38.0,A
28,2,1,21.0,A
29,2,1,22.0,A
30,2,1,21.0,A
31,2,1,39.0,A
32,2,1,32.0,A
33,2,1,38.0,A
34,2,1,21.0,A
35,2,1,42.0,A
36,2,1,30.0,A
37,2,1,30.0,A
38,2,1,30.0,A
39,2,1,20.0,A
40,2,1,39.0,A
41,2,1,23.0,A
42,2,1,49.0,A
43,2,1,39.0,A
44,2,1,62.0,A
45,2,1,31.0,A
46,2,1,23.0,A
47,2,1,38.0,A
48,2,1,35.0,A
49,2,1,42.0,A
50,2,1,40.0,A
51,2,1,31.0,A
52,2,1,29.0,A
53,2,1,42.0,A
54,2,1,42.0,A
55,2,1,39.0,A
56,2,1,35.0,A
57,2,1,78.0,A
58,2,1,33.0,A
59,2,1,30.0,A
60,2,1,52.0,A
61,2,1,41.0,A
62,2,1,25.0,A
63,2,1,24.0,A
64,2,1,41.0,A
65,2,1,26.0,A
66,2,1,25.0,A
67,2,1,28.0,A
68,2,1,71.0,A
69,2,1,23.0,A
70,2,1,23.0,A
71,2,1,30.0,A
72,2,1,52.0,A
73,2,1,35.0,A
74,2,1,30.0,A
75,2,1,54.0,A
76,2,1,20.0,A
77,2,1,72.0,A
78,2,1,20.0,A
79,2,1,29.0,A
80,2,1,40.0,A
81,2,1,54.0,A
82,2,1,43.0,A
83,2,1,27.0,A
84,2,1,32.0,A
85,2,1,41.0,A
86,2,1,152.0,A
87,2,1,21.0,A
88,2,1,44.0,A
89,2,1,28.0,A
90,2,1,29.0,A
91,2,1,49.0,A
92,2,1,27.0,A
93,2,1,37.0,A
94,2,1,41.0,A
95,2,1,17.0,A
96,2,1,34.0,A
97,2,1,35.0,A
98,2,1,30.0,A
99,2,1,37.0,A
100,2,1,31.0,A
101,2,1,53.0,A
102,2,1,19.0,A
103,2,1,70.0,A
104,2,1,32.0,A
105,2,1,25.0,A
106,2,1,26.0,A
107,2,1,25.0,A
108,2,1,49.0,A
109,2,1,63.0,A
110,2,1,34.0,A
111,2,1,30.0,A
112,2,1,30.0,A
113,2,1,19.0,A
114,2,1,25.0,A
115,2,1,30.0,A
116,2,1,34.0,A
117,2,1,26.0,A
118,2,1,51.0,A
119,2,1,32.0,A
120,2,1,36.0,A
121,2,1,23.0,A
122,2,1,71.0,A
123,2,1,63.0,A
124,2,1,43.0,A
125,2,1,30.0,A
126,2,1,61.0,A
127,2,1,23.0,A
128,2,1,31.0,A
129,2,1,20.0,A
130,2,1,28.0,A
131,2,1,24.0,A
132,2,1,26.0,A
133,2,1,127.0,A
134,2,1,23.0,A
135,2,1,63.0,A
136,2,1,34.0,A
137,2,1,36.0,A
138,2,1,32.0,A
139,2,1,33.0,A
140,2,1,25.0,A
141,2,1,36.0,A
142,2,1,23.0,A
143,2,1,40.0,A
144,2,1,45.0,A
145,2,1,22.0,A
146,2,1,27.0,A
147,2,1,42.0,A
148,2,1,26.0,A
149,2,1,37.0,A
150,2,1,57.0,A
151,2,1,25.0,A
152,2,1,20.0,A
153,2,1,62.0,A
154,2,1,27.0,A
155,2,1,41.0,A
156,2,1,39.0,A
157,2,1,33.0,A
158,2,1,30.0,A
159,2,1,35.0,A
160,2,1,55.0,A
161,2,1,20.0,A
162,2,1,40.0,A
163,2,1,22.0,A
164,2,1,22.0,A
165,2,1,25.0,A
166,2,1,19.0,A
167,2,1,30.0,A
168,2,1,49.0,A
169,2,1,30.0,A
170,2,1,26.0,A
171,2,1,23.0,A
172,2,1,20.0,A
173,2,1,47.0,A
174,2,1,38.0,A
175,2,1,69.0,A
176,2,1,30.0,A
177,2,1,26.0,A
178,2,1,24.0,A
179,2,1,26.0,A
180,2,1,32.0,A
181,2,1,35.0,A
182,2,1,33.0,A
183,2,1,51.0,A
184,2,1,71.0,A
185,2,1,87.0,A
186,2,1,25.0,A
187,2,1,26.0,A
188,2,1,23.0,A
189,2,1,24.0,A
190,2,1,29.0,A
191,2,1,23.0,A
192,2,1,32.0,A
193,2,1,20.0,A
194,2,1,28.0,A
195,2,1,49.0,A
196,2,1,64.0,A
197,2,1,27.0,A
198,2,1,26.0,A
199,2,1,26.0,A
200,2,1,26.0,A
201,2,1,52.0,B
202,2,1,95.0,B
203,2,1,44.0,B
204,2,1,28.0,B
205,2,1,34.0,B
206,2,1,21.0,B
207,2,1,64.0,B
208,2,1,61.0,B
209,2,1,35.0,B
210,2,1,37.0,B
211,2,1,29.0,B
212,2,1,29.0,B
213,2,1,26.0,B
214,2,1,28.0,B
215,2,1,41.0,B
216,2,1,36.0,B
217,2,1,37.0,B
218,2,1,49.0,B
219,2,1,34.0,B
220,2,1,26.0,B
221,2,1,39.0,B
222,2,1,65.0,B
223,2,1,31.0,B
224,2,1,50.0,B
225,2,1,66.0,B
226,2,1,27.0,B
227,2,1,31.0,B
228,2,1,38.0,B
229,2,1,34.0,B
230,2,1,31.0,B
231,2,1,34.0,B
232,2,1,29.0,B
233,2,1,48.0,B
234,2,1,38.0,B
235,2,1,25.0,B
236,2,1,67.0,B
237,2,1,32.0,B
238,2,1,29.0,B
239,2,1,31.0,B
240,2,1,20.0,B
241,2,1,44.0,B
242,2,1,32.0,B
243,2,1,42.0,B
244,2,1,52.0,B
245,2,1,39.0,B
246,2,1,30.0,B
247,2,1,43.0,B
248,2,1,88.0,B
249,2,1,48.0,B
250,2,1,70.0,B
251,2,1,26.0,B
252,2,1,39.0,B
253,2,1,22.0,B
254,2,1,41.0,B
255,2,1,64.0,B
256,2,1,36.0,B
257,2,1,51.0,B
258,2,1,51.0,B
259,2,1,29.0,B
260,2,1,59.0,B
261,2,1,30.0,B
262,2,1,104.0,B
263,2,1,28.0,B
264,2,1,33.0,B
265,2,1,22.0,B
266,2,1,33.0,B
267,2,1,44.0,B
268,2,1,32.0,B
269,2,1,30.0,B
270,2,1,37.0,B
271,2,1,23.0,B
272,2,1,44.0,B
273,2,1,30.0,B
274,2,1,35.0,B
275,2,1,41.0,B
276,2,1,32.0,B
277,2,1,21.0,B
278,2,1,37.0,B
279,2,1,58.0,B
280,2,1,55.0,B
281,2,1,45.0,B
282,2,1,27.0,B
283,2,1,36.0,B
284,2,1,29.0,B
285,2,1,84.0,B
286,2,1,56.0,B
287,2,1,30.0,B
288,2,1,45.0,B
289,2,1,34.0,B
290,2,1,31.0,B
291,2,1,60.0,B
292,2,1,24.0,B
293,2,1,22.0,B
294,2,1,36.0,B
295,2,1,46.0,B
296,2,1,33.0,B
297,2,1,24.0,B
298,2,1,55.0,B
299,2,1,50.0,B
300,2,1,32.0,B
301,2,1,24.0,B
302,2,1,42.0,B
303,2,1,38.0,B
304,2,1,49.0,B
305,2,1,45.0,B
306,2,1,31.0,B
307,2,1,41.0,B
308,2,1,22.0,B
309,2,1,42.0,B
310,2,1,47.0,B
311,2,1,33.0,B
312,2,1,21.0,B
313,2,1,26.0,B
314,2,1,46.0,B
315,2,1,67.0,B
316,2,1,31.0,B
317,2,1,41.0,B
318,2,1,51.0,B
319,2,1,34.0,B
320,2,1,34.0,B
321,2,1,28.0,B
322,2,1,27.0,B
323,2,1,42.0,B
324,2,1,37.0,B
325,2,1,38.0,B
326,2,1,46.0,B
327,2,1,72.0,B
328,2,1,50.0,B
329,2,1,33.0,B
330,2,1,23.0,B
331,2,1,42.0,B
332,2,1,65.0,B
333,2,1,37.0,B
334,2,1,46.0,B
335,2,1,28.0,B
336,2,1,42.0,B
337,2,1,57.0,B
338,2,1,38.0,B
339,2,1,26.0,B
340,2,1,40.0,B
341,2,1,25.0,B
342,2,1,31.0,B
343,2,1,78.0,B
344,2,1,30.0,B
345,2,1,50.0,B
346,2,1,28.0,B
347,2,1,26.0,B
348,2,1,84.0,B
349,2,1,43.0,B
350,2,1,21.0,B
351,2,1,22.0,B
352,2,1,27.0,B
353,2,1,30.0,B
354,2,1,30.0,B
355,2,1,41.0,B
356,2,1,32.0,B
357,2,1,41.0,B
358,2,1,37.0,B
359,2,1,22.0,B
360,2,1,55.0,B
361,2,1,35.0,B
362,2,1,73.0,B
363,2,1,28.0,B
364,2,1,25.0,B
365,2,1,32.0,B
366,2,1,32.0,B
367,2,1,36.0,B
368,2,1,43.0,B
369,2,1,24.0,B
370,2,1,35.0,B
371,2,1,40.0,B
372,2,1,32.0,B
373,2,1,36.0,B
374,2,1,23.0,B
375,2,1,39.0,B
376,2,1,70.0,B
377,2,1,33.0,B
378,2,1,26.0,B
379,2,1,42.0,B
380,2,1,38.0,B
381,2,1,44.0,B
382,2,1,21.0,B
383,2,1,55.0,B
384,2,1,42.0,B
385,2,1,35.0,B
386,2,1,34.0,B
387,2,1,32.0,B
388,2,1,34.0,B
389,2,1,39.0,B
390,2,1,45.0,B
391,2,1,32.0,B
392,2,1,46.0,B
393,2,1,54.0,B
394,2,1,23.0,B
395,2,1,32.0,B
396,2,1,61.0,B
397,2,1,40.0,B
398,2,1,23.0,B
399,2,1,34.0,B
400,2,1,56.0,B
401,2,1,33.0,A
402,2,1,45.0,A
403,2,1,26.0,A
404,2,1,68.0,A
405,2,1,21.0,A
406,2,1,20.0,A
407,2,1,44.0,A
408,2,1,20.0,A
409,2,1,75.0,A
410,2,1,35.0,A
411,2,1,26.0,A
412,2,1,20.0,A
413,2,1,52.0,A
414,2,1,35.0,A
415,2,1,28.0,A
416,2,1,22.0,A
417,2,1,34.0,A
418,2,1,43.0,A
419,2,1,25.0,A
420,2,1,29.0,A
421,2,1,23.0,A
422,2,1,30.0,A
423,2,1,21.0,A
424,2,1,20.0,A
425,2,1,20.0,A
426,2,1,35.0,A
427,2,1,52.0,A
428,2,1,19.0,A
429,2,1,30.0,A
430,2,1,34.0,A
431,2,1,27.0,A
432,2,1,27.0,A
433,2,1,52.0,A
434,2,1,46.0,A
435,2,1,19.0,A
436,2,1,21.0,A
437,2,1,21.0,A
438,2,1,31.0,A
439,2,1,19.0,A
440,2,1,38.0,A
441,2,1,23.0,A
442,2,1,28.0,A
443,2,1,18.0,A
444,2,1,25.0,A
445,2,1,22.0,A
446,2,1,22.0,A
447,2,1,19.0,A
448,2,1,21.0,A
449,2,1,47.0,A
450,2,1,31.0,A
451,2,1,59.0,A
452,2,1,22.0,A
453,2,1,57.0,A
454,2,1,26.0,A
455,2,1,55.0,A
456,2,1,36.0,A
457,2,1,35.0,A
458,2,1,52.0,A
459,2,1,19.0,A
460,2,1,54.0,A
461,2,1,23.0,A
462,2,1,43.0,A
463,2,1,26.0,A
464,2,1,22.0,A
465,2,1,35.0,A
466,2,1,37.0,A
467,2,1,27.0,A
468,2,1,25.0,A
469,2,1,38.0,A
470,2,1,52.0,A
471,2,1,27.0,A
472,2,1,54.0,A
473,2,1,23.0,A
474,2,1,36.0,A
475,2,1,32.0,A
476,2,1,38.0,A
477,2,1,49.0,A
478,2,1,27.0,A
479,2,1,60.0,A
480,2,1,23.0,A
481,2,1,29.0,A
482,2,1,23.0,A
483,2,1,33.0,A
484,2,1,31.0,A
485,2,1,22.0,A
486,2,1,40.0,A
487,2,1,42.0,A
488,2,1,27.0,A
489,2,1,21.0,A
490,2,1,33.0,A
491,2,1,18.0,A
492,2,1,26.0,A
493,2,1,18.0,A
494,2,1,24.0,A
495,2,1,26.0,A
496,2,1,112.0,A
497,2,1,47.0,A
498,2,1,31.0,A
499,2,1,32.0,A
500,2,1,60.0,A
501,2,1,39.0,A
502,2,1,35.0,A
503,2,1,53.0,A
504,2,1,23.0,A
505,2,1,25.0,A
506,2,1,44.0,A
507,2,1,32.0,A
508,2,1,24.0,A
509,2,1,27.0,A
510,2,1,18.0,A
511,2,1,32.0,A
512,2,1,36.0,A
513,2,1,28.0,A
514,2,1,33.0,A
515,2,1,22.0,A
516,2,1,29.0,A
517,2,1,20.0,A
518,2,1,65.0,A
519,2,1,30.0,A
520,2,1,24.0,A
521,2,1,19.0,A
522,2,1,51.0,A
523,2,1,36.0,A
524,2,1,26.0,A
525,2,1,32.0,A
526,2,1,25.0,A
527,2,1,52.0,A
528,2,1,48.0,A
529,2,1,37.0,A
530,2,1,25.0,A
531,2,1,27.0,A
532,2,1,23.0,A
533,2,1,25.0,A
534,2,1,47.0,A
535,2,1,25.0,A
536,2,1,37.0,A
537,2,1,31.0,A
538,2,1,25.0,A
539,2,1,22.0,A
540,2,1,34.0,A
541,2,1,40.0,A
542,2,1,22.0,A
543,2,1,52.0,A
544,2,1,58.0,A
545,2,1,28.0,A
546,2,1,22.0,A
547,2,1,56.0,A
548,2,1,26.0,A
549,2,1,58.0,A
550,2,1,44.0,A
551,2,1,44.0,A
552,2,1,29.0,A
553,2,1,22.0,A
554,2,1,26.0,A
555,2,1,39.0,A
556,2,1,27.0,A
557,2,1,19.0,A
558,2,1,37.0,A
559,2,1,21.0,A
560,2,1,31.0,A
561,2,1,25.0,A
562,2,1,27.0,A
563,2,1,30.0,A
564,2,1,24.0,A
565,2,1,35.0,A
566,2,1,25.0,A
567,2,1,23.0,A
568,2,1,27.0,A
569,2,1,59.0,A
570,2,1,29.0,A
571,2,1,23.0,A
572,2,1,24.0,A
573,2,1,32.0,A
574,2,1,39.0,A
575,2,1,32.0,A
576,2,1,27.0,A
577,2,1,32.0,A
578,2,1,49.0,A
579,2,1,21.0,A
580,2,1,32.0,A
581,2,1,18.0,A
582,2,1,26.0,A
583,2,1,70.0,A
584,2,1,34.0,A
585,2,1,31.0,A
586,2,1,17.0,A
587,2,1,28.0,A
588,2,1,35.0,A
589,2,1,30.0,A
590,2,1,34.0,A
591,2,1,26.0,A
592,2,1,20.0,A
593,2,1,18.0,A
594,2,1,33.0,A
595,2,1,36.0,A
596,2,1,85.0,A
597,2,1,57.0,A
598,2,1,20.0,A
599,2,1,75.0,A
600,2,1,24.0,A
601,2,1,36.0,B
602,2,1,29.0,B
603,2,1,25.0,B
604,2,1,39.0,B
605,2,1,40.0,B
606,2,1,37.0,B
607,2,1,43.0,B
608,2,1,33.0,B
609,2,1,37.0,B
610,2,1,30.0,B
611,2,1,68.0,B
612,2,1,23.0,B
613,2,1,35.0,B
614,2,1,23.0,B
615,2,1,20.0,B
616,2,1,36.0,B
617,2,1,52.0,B
618,2,1,27.0,B
619,2,1,29.0,B
620,2,1,45.0,B
621,2,1,47.0,B
622,2,1,29.0,B
623,2,1,45.0,B
624,2,1,37.0,B
625,2,1,36.0,B
626,2,1,30.0,B
627,2,1,32.0,B
628,2,1,29.0,B
629,2,1,36.0,B
630,2,1,28.0,B
631,2,1,21.0,B
632,2,1,22.0,B
633,2,1,35.0,B
634,2,1,24.0,B
635,2,1,44.0,B
636,2,1,29.0,B
637,2,1,34.0,B
638,2,1,44.0,B
639,2,1,57.0,B
640,2,1,43.0,B
641,2,1,23.0,B
642,2,1,38.0,B
643,2,1,73.0,B
644,2,1,102.0,B
645,2,1,23.0,B
646,2,1,36.0,B
647,2,1,55.0,B
648,2,1,19.0,B
649,2,1,34.0,B
650,2,1,22.0,B
651,2,1,29.0,B
652,2,1,29.0,B
653,2,1,30.0,B
654,2,1,32.0,B
655,2,1,23.0,B
656,2,1,53.0,B
657,2,1,56.0,B
658,2,1,29.0,B
659,2,1,51.0,B
660,2,1,27.0,B
661,2,1,84.0,B
662,2,1,20.0,B
663,2,1,42.0,B
664,2,1,31.0,B
665,2,1,24.0,B
666,2,1,45.0,B
667,2,1,35.0,B
668,2,1,38.0,B
669,2,1,26.0,B
670,2,1,30.0,B
671,2,1,64.0,B
672,2,1,43.0,B
673,2,1,34.0,B
674,2,1,43.0,B
675,2,1,32.0,B
676,2,1,24.0,B
677,2,1,24.0,B
678,2,1,25.0,B
679,2,1,43.0,B
680,2,1,50.0,B
681,2,1,51.0,B
682,2,1,53.0,B
683,2,1,41.0,B
684,2,1,34.0,B
685,2,1,27.0,B
686,2,1,41.0,B
687,2,1,19.0,B
688,2,1,30.0,B
689,2,1,32.0,B
690,2,1,37.0,B
691,2,1,71.0,B
692,2,1,26.0,B
693,2,1,35.0,B
694,2,1,38.0,B
695,2,1,40.0,B
696,2,1,32.0,B
697,2,1,45.0,B
698,2,1,69.0,B
699,2,1,33.0,B
700,2,1,33.0,B
701,2,1,19.0,B
702,2,1,26.0,B
703,2,1,61.0,B
704,2,1,50.0,B
705,2,1,21.0,B
706,2,1,48.0,B
707,2,1,37.0,B
708,2,1,25.0,B
709,2,1,22.0,B
710,2,1,31.0,B
711,2,1,46.0,B
712,2,1,43.0,B
713,2,1,26.0,B
714,2,1,28.0,B
715,2,1,37.0,B
716,2,1,99.0,B
717,2,1,36.0,B
718,2,1,46.0,B
719,2,1,40.0,B
720,2,1,24.0,B
721,2,1,36.0,B
722,2,1,43.0,B
723,2,1,34.0,B
724,2,1,27.0,B
725,2,1,27.0,B
726,2,1,40.0,B
727,2,1,35.0,B
728,2,1,24.0,B
729,2,1,35.0,B
730,2,1,47.0,B
731,2,1,33.0,B
732,2,1,25.0,B
733,2,1,42.0,B
734,2,1,38.0,B
735,2,1,31.0,B
736,2,1,105.0,B
737,2,1,41.0,B
738,2,1,28.0,B
739,2,1,50.0,B
740,2,1,36.0,B
741,2,1,27.0,B
742,2,1,27.0,B
743,2,1,37.0,B
744,2,1,69.0,B
745,2,1,68.0,B
746,2,1,47.0,B
747,2,1,36.0,B
748,2,1,34.0,B
749,2,1,30.0,B
750,2,1,36.0,B
751,2,1,24.0,B
752,2,1,25.0,B
753,2,1,24.0,B
754,2,1,39.0,B
755,2,1,24.0,B
756,2,1,29.0,B
757,2,1,51.0,B
758,2,1,35.0,B
759,2,1,35.0,B
760,2,1,23.0,B
761,2,1,57.0,B
762,2,1,52.0,B
763,2,1,43.0,B
764,2,1,22.0,B
765,2,1,24.0,B
766,2,1,37.0,B
767,2,1,31.0,B
768,2,1,26.0,B
769,2,1,51.0,B
770,2,1,55.0,B
771,2,1,26.0,B
772,2,1,47.0,B
773,2,1,31.0,B
774,2,1,55.0,B
775,2,1,49.0,B
776,2,1,88.0,B
777,2,1,68.0,B
778,2,1,77.0,B
779,2,1,35.0,B
780,2,1,55.0,B
781,2,1,37.0,B
782,2,1,61.0,B
783,2,1,26.0,B
784,2,1,29.0,B
785,2,1,37.0,B
786,2,1,38.0,B
787,2,1,44.0,B
788,2,1,40.0,B
789,2,1,40.0,B
790,2,1,34.0,B
791,2,1,32.0,B
792,2,1,25.0,B
793,2,1,68.0,B
794,2,1,45.0,B
795,2,1,30.0,B
796,2,1,41.0,B
797,2,1,70.0,B
798,2,1,34.0,B
799,2,1,42.0,B
800,2,1,38.0,B
