-0.0278745158006854,-0.0196175701419681,-0.0215276747372742,-0.181873932077661,-0.0566536777710392,0.0953312158892672,0.0155034448996069,0.0270247499755391,-0.0953235938626091,-0.0816016176770847,-0.0777021556977733,-0.0446458835510722,-0.06761347094051,0.0961119897597954,0.0198288850787078,0.0253555835219637,-0.168387096029533,0.059430305660401,-0.0513305425995645,0.0237007288685769,-0.0222871658843842,-0.0240112984445733,0.00682965510601907,-0.0256266118740109,-0.0712049894564338,0.071952019341141,0.0707413862423418,0.0218488392417737,-0.0828219602030346,0.0837191707003261,0.0234649885326056,0.0323292299924018,0.0109225468749918,0.00537883477454404,0.0414587235085234,0.099573397133579,0.085019595187211,0.0390535991273865,0.0718280119225929,0.0174375682814654,-0.101216034478417,-0.0597233723279886,-0.0326005486584161,0.0541933626036695,0.0443872033025705,0.0474099092829643,0.0636498662757533,-0.08901791818163,-0.0992419634507085,-0.045307151889307,0.0744330292253194,-0.00990818522555692,-0.0693771220184754,-0.0973326462491383,0.0385233472354707,0.119637823243262,-0.0173843370656995,-0.177269286410837,0.0523389422125563,0.0935487003767039,-0.0380052634257958,0.0582769740029421,0.125415281865102,0.170591594705407,-0.205383473170705,0.0555161147593964,-0.00623065331708217,-0.0583869043632002,0.0223517687721222,0.139247050543096,0.0956910741546361,0.0346442457529719,0.161311786583816,0.101099948454457,-0.0929422677808415,-0.0886802166760153,0.0172419744637846,0.157949143184759,0.0199549650221831,-0.0680863292202794,-0.193429376836352,-0.157018720794367,0.0258706694365891,0.0815358691282086,0.0945300369218038,-0.0396878247073639,-0.0656463863431765,0.0128254138378773,0.0420325620627509,-0.166368700019716,-0.106573034660194,-0.107463015444544,0.153174242387163,0.0403194066109017,0.0919115758027428,-0.013725074446241,0.083852297341354,0.0321459230513206,-0.0226377163135586,0.0928807684088398,-0.0149679221251608
0.0940071823808932,0.0117016193475898,-0.0504859861085213,-0.0413379316253957,-0.0892224033547719,0.000344034279400274,-0.0148559411133487,-0.0243944944844606,-0.0528861570985018,-0.0360380042346434,-0.081428189663144,0.0370378181028742,0.134101743762803,0.0553185126361392,0.104849575590864,0.0683426058011721,0.0174055829259848,0.0439844168743792,0.101178880796546,0.0102385107316122,-0.0466685475614692,0.065008964612442,0.000624190898165733,0.0270219453365135,0.0573537473853323,0.0775196354837581,-0.00918239690466618,0.0686201055927344,0.0135884295972768,-0.00177453228293167,-0.0520757799831208,-0.0178121383511621,-0.0118451520865741,0.151705847378547,0.00932857826030298,0.138592332688889,0.11726282625604,0.0879241615550864,0.063523038624876,-0.0220357704690617,0.00998673998455391,0.0747503085052443,0.0686288765542264,0.076054257922219,0.0698067369884771,0.0341964408932883,0.0524967934563615,0.0068269747579732,0.0727845939597535,-0.00974895616143992,0.0027778213220826,-0.0345905933272996,-0.0139255544613003,0.00251332041442195,-0.012260266346956,-0.0246226994116061,-0.0413385751698052,-0.065823564733785,-0.0534544709082306,-0.0447887394249369,-0.0738142054037304,-0.0583764174065305,-0.0656323929324644,-0.117498812003155,-0.101846804560328,-0.0636912040441363,-0.0644153747160816,-0.0605839711204466,-0.0853263103835835,0.0377764260571659,0.0221071218615548,0.00573213834897403,-0.0281509502913785,0.0325992963345506,0.00304283335131443,0.00478809625685553,0.0209421728470593,-0.032733827009497,-0.0237153436107437,0.0382476297922293,0.000254462222542967,0.0116696869158288,0.0108197179176391,-0.0494481431493769,-0.102208078635075,0.0259781852402441,-0.0732499075875378,-0.0901906763616373,-0.0176612910348125,-0.00940055095411041,-0.0796258214508245,-0.063496335698307,-0.0615451351170676,-0.0468652863737426,-0.0226032660855384,-0.0183826356998668,-0.0441781489086506,-0.0174227151330643,-0.103976776258949,-0.0530959810625261,-0.0306271500798657
0.0451930573714214,0.0379254028139387,0.0382610643236087,0.0735963071287567,-0.000538316004255699,0.0263572382939886,-0.0548720790935705,0.0267207871988289,-0.0050548110687171,-0.0791089828483227,0.0511110697915583,-0.0213283231194619,-0.0794916400483802,-0.0760048157697589,0.051308872806122,0.00630715276108213,0.146070128557063,0.0346263890622499,0.0506345695641519,-0.0118370003280928,0.0188325743360355,0.0680788642336021,-0.00752344006787044,0.0529660441196579,0.0398292351666182,0.0321573519502945,0.0507993671450657,0.0177018102350956,-0.0271937013825837,-0.0167636163001337,-0.0534955969045465,-0.0588482655927227,-0.10150110167209,-0.109891591992333,-0.104684743735774,-0.153488523422087,-0.209771565605593,-0.125927856866174,-0.151849303865443,-0.148578401379506,-0.0819094392025804,-0.152432534379194,-0.118201409880645,-0.194688481038639,-0.0884065134544827,-0.0986338004551897,-0.158870005326227,-0.204438727498189,-0.280083013942051,-0.206103424935565,-0.281743707348765,-0.268252272463469,-0.221160269192782,-0.161697327484201,-0.203960942187189,-0.247142455490069,-0.188330392171947,-0.188632338984464,-0.19016587545022,-0.131883839969575,-0.186323002821913,-0.124828129800641,-0.166535622146175,-0.0990442878363342,-0.189412512342764,-0.132566745266576,0.00271978410582029,0.00952994424444192,-0.0357212274250129,0.00887429002977613,0.0635337897115233,0.0650964032888642,-0.0245879183043529,-0.0082674521693231,0.0330210430909255,-0.0946512552650243,0.110582217455632,-0.00689230380259137,0.103478890782873,0.0510099604295488,0.0576909259107661,0.0664516211112725,0.0599062628800048,0.0244193735084499,0.0368203489409581,0.062366986177504,-0.00683251009491237,-0.0670813008094357,-0.0130849601864155,0.024452614934221,-0.0382276758986249,-0.0204117654486256,-0.0929963459660028,-0.0527942494496237,-0.0178531021216507,0.0337463189653231,-0.0243200998751784,-0.0381039341690417,-0.14649808665791,-0.0407601825231559,-0.128199413895542
0.0817231461736037,0.0152722277027277,-0.00679485147577064,-0.0868734671854005,0.0333921571462034,0.0892901071386463,0.0398180677920572,-0.0409994273521724,-0.0261517597825594,-0.101702658970267,-0.0852385774484864,-0.0282545815574828,-0.070571997428903,-0.0911216814212947,0.0331635253030271,-0.104919249827083,-0.0422978402481036,-0.0642566603625352,-0.0552236059771766,-0.0911397420986425,-0.0881871463416461,-0.113276720678894,-0.159310512000639,-0.049572027561523,0.0365024873496635,-0.0916832756703173,-0.0805877656499038,-0.0533408324450663,-0.114934866124531,-0.0478400806452346,-0.0112044461305497,-0.174584725862909,-0.135668792651237,0.0753260323459198,-0.0262214490800609,0.00904767993324984,-0.059426747810547,-0.0317562510457185,-0.0374494335679321,0.0735132521421581,-0.0539156055273456,0.0606891824718237,0.0342137382843621,0.0886149313091985,0.0426763998395606,0.00339655710117481,0.0718640651301233,0.089713858897198,0.0933889563625463,0.0789016800447509,0.0902498975039507,0.0435371801913027,0.0648765112738059,0.0547823040079963,0.0513060288866485,0.0942160180929466,0.00829869460811394,-0.0322867020987654,0.0158520094071745,-0.0929263918680033,0.0431941715195108,0.150196388765926,-0.0247790153483298,-0.198996566808652,-0.0722187711977266,0.0586125381358859,0.0421148730757633,-0.00787492202370177,0.0769795152727103,0.0865600048345696,0.0528600489035753,0.13243675556114,0.0284068630256303,0.0804837006084309,-0.00274339570596116,0.0452688075371085,-0.0363420746291636,0.0881093989954183,0.149290185638953,0.0734077176654354,0.092715051226941,0.00678932396493287,0.116263334523023,0.0622930683551223,0.0296971997667399,0.0973566340462931,0.110350444187604,-0.168465937979488,0.018469539030045,-0.0897255879011951,-0.0945936156410064,0.00239390398776301,-0.0457807848336223,-0.393437442143831,0.059478602656182,-0.0516031459604798,0.00963304709542084,-0.0621316206896594,0.0667653606561086,0.110748632541447,0.154136772232433
0.123225524656041,0.0348478759208898,0.0483170777732541,0.00743878852899671,0.0863537971801502,-0.0494271760397176,-0.0299598168690346,-0.0791904347162958,0.0126073817068421,-0.133856318759521,-0.0474474339976044,0.0663090768950751,0.00195291536817358,-0.00307857868617379,-0.0106113396357762,-0.030987823631454,0.0955447883911998,-0.0111929239007336,0.000430984363774912,0.0110919218564109,5.68697927904802e-06,-0.093702517188383,-0.00554810331119052,0.0343247233988538,0.0277086174815157,0.00171640560116101,-0.022075234878461,0.0663996694567452,0.0148966133081672,-0.0870552532264382,-0.0401118126127304,-0.0468424681424277,0.00817192383903459,-0.0469425626773212,-0.100314764536326,-0.0731407965122597,-0.107054712766366,-0.0647876538918456,-0.130776990828768,-0.0181560776070308,0.0657845726067927,0.0562770686636301,-0.0704250406635374,-0.0943263581839805,-0.0226647733883432,-0.116584700479546,-0.0332921475065869,-0.13488962723363,-0.0656641877235998,-0.087520718222922,-0.126897632493971,-0.0788023589859246,-0.117999623074008,-0.129221153975182,-0.0624064877391859,-0.0738240999053414,-0.171855295510824,-0.0467895886405732,-0.0972512415332586,0.00442968377624299,-0.0593905980550366,-0.11656999646293,-0.0356740452429275,-0.0523907834698497,-0.03094697133936,-0.145463665674922,-0.0236966104639808,0.0233686789943093,0.0221197144370314,-0.0416376067992917,-0.0988595613880138,-0.0781932766542308,-0.130248324978539,-0.0780321131199279,-0.0874267080292836,-0.0605371798205109,-0.0468887502735048,-0.026113516189445,-0.127272088537433,-0.149364439153385,-0.1157358021482,-0.106188949500277,-0.138272977529169,-0.150022256994263,-0.057295357729593,-0.0892626718494713,-0.112457010763519,-0.152028626595747,-0.132248725797886,-0.0745056291576553,-0.118455580715071,-0.136276489663022,-0.047043887256868,-0.0130771652812899,-0.0742847922927488,-0.0905638528602506,-0.147439162179887,-0.0813314684046392,-0.166712363486969,-0.0145946937793625,-0.0447783132945156
-0.0752860507602091,-0.084822399520569,-0.0383179611172099,-0.012509694622014,-0.0471263463158976,0.091092366999434,-0.0114415517299976,0.0320926568352973,0.00597337502574912,0.0289204589190378,0.0602256135444789,0.00127312670096929,0.0822933354489421,0.0378446527899668,0.00527204649094004,0.0176352160149564,0.00636210682758174,0.0848263195463393,0.0425538554921596,0.0127906104194432,0.0543784327430658,-0.00815669590796718,0.0304501025985997,0.0800970290258051,0.0531234495998252,0.0473000968644316,0.0157786123020068,0.12402737489894,0.0633230982754838,0.0862950102586048,0.1680250016496,0.0184560299272074,0.143263020969404,0.107299940078564,0.155280929543782,0.0259243634929366,0.0786759978407727,0.0815061001967996,0.0307928244452228,0.0582505053169037,0.0467899430375805,-0.00694461134758751,0.0082696110543989,0.0103341298881067,-0.0334539266823758,0.0121859331948347,0.125711227176408,0.0916297565799917,0.00559645260590832,0.153107666855428,0.123491684595385,0.0606384183217201,0.0734009677132623,0.0133421505566743,0.0802953086081959,0.0531859854945023,0.0488989818787915,0.0810121435884908,-0.0348372426811524,0.109435603835329,0.0191880540467636,0.0796397090440498,-0.0803327743186174,0.0124718610682876,0.0302794640271351,-0.0216752597730025,0.0211027664910613,-0.0208827443524856,0.0445401698268392,0.0150013104136403,0.0596648711867507,-0.0163037577971076,0.0348500703445264,0.0805780031809291,-0.044073983933465,0.133212682154953,-0.0409259637343282,0.146540812960612,-0.0301196627965101,-0.0425989153671458,0.0850169101277583,-0.0345598309484249,0.117439561789921,-0.0893948535660009,-0.0118392532442415,-0.0475244724427594,-0.14033014680896,-0.0256112001363785,-8.639513835694e-06,-0.0222244567830258,-0.0203160305828978,-0.137931190358233,-0.147427244083013,-0.101250581004642,-0.0562514065749789,-0.0748147118775274,-0.106983041616776,0.089737765675321,0.0285458436482938,0.0975363557010958,0.0893577389378852
-0.0285695066321889,-0.106741072705418,0.00331350214336313,0.00571372537273337,-0.028800274904386,0.041817939473351,0.0591177889188243,0.11073751773696,0.0396560034372277,0.0529953999139987,0.0255370806773407,0.0461693608991816,0.202216164263987,0.0939162122172186,-0.0120090312317121,0.0519264561348919,0.0206304125056619,-0.000419015798175652,0.0554372910218571,0.0179537605541522,0.0355455128513482,0.00460935910819964,-0.00457368242998168,0.0539165637863398,0.137266431609668,-0.0221136693872581,0.0136645845980101,0.0493297479014329,0.0317199310318913,0.0664595877569423,0.0996601261147795,0.0913576464703084,0.0300593293055781,-0.0418399192478472,0.10513232263584,0.0744862871192489,0.104208012333437,0.0668576659164952,-0.00289682944870909,-0.0181737000131731,0.0204375022386964,0.0808609481172308,0.140715359658836,0.101153185769954,0.13087781106275,0.0711850840594082,0.121103333665926,0.0748137506587558,0.0727026879172347,0.208780553718664,0.0684008277893414,0.101425892505428,0.151639366911626,0.0672128725850365,0.0244007639192409,0.0691781914565727,0.0427444214049732,-0.0660844030342502,0.0645182539225229,-0.0152127488604397,-0.0260519257172651,-0.0534311163562441,-0.0184546825459153,0.057174710514495,-0.0846540304380384,0.0649528527565596,-0.0805187906404126,0.0895052557129522,0.0936006184762409,0.073462169717366,0.136704082086071,-0.0263981250473293,-0.0769876955407052,0.0156832657884553,0.0381322968834733,-0.0926190089466432,0.00694296163553411,-0.0148205576977509,-0.0394638552492383,-0.114400386534598,0.00965592237664398,0.135342127650856,0.102474486525817,0.100534044684884,-0.0975035749700998,-0.168653635865257,-0.252058149362693,-0.109064437298298,-0.224018691298056,-0.0679378201051743,-0.0510982500129915,-0.0927428974602666,-0.240406400937353,-0.0733910916902742,-0.193418852970849,-0.0213317662310244,-0.253452714495406,-0.119032534090769,-0.0943043369662694,-0.305998582607231,-0.228883646087741
-0.00197871052413881,0.02767041822137,-0.0951107545434867,0.0281705814564855,0.00211676327075838,-0.0139195675646169,0.0160641073871803,-0.0316625325638655,-0.0183506811744891,-0.0652699255328991,-0.0867717278068103,-0.0188231036529636,-0.00695400959327841,0.0138626378440032,0.0397168266455558,0.0565166896401586,-0.0176613513339613,-0.0396992366330518,0.0230924510020485,-0.0349728975959221,0.0215420395078728,0.0199968061251714,0.037055290379574,0.109057706972071,0.0724105206863705,-0.0243106387216376,0.0443008331134472,0.07493211484041,0.0360149504121478,0.00402284551378185,0.0114625335066577,0.0786082962695175,0.0299637577279535,0.0463519627716402,-0.0211748915454295,0.0327365790764155,-0.0359333166784042,0.0641735346051856,0.0647044199004824,-0.18372558353836,-0.0976880215407503,-0.00604519735772735,0.0393295928693779,0.0518819214952639,-0.0744715042063545,0.0318876719486871,3.2218006110224e-05,0.0407265217163925,0.109380447651843,0.0346692358883401,0.0548968936391392,0.0628583879927633,0.0528149179972403,-0.00968286984726854,0.0856765929601911,0.033507908846842,0.112827543071681,0.0295157654776555,0.0710061408697232,-0.00836943740968851,0.0222042665029455,0.0357706182609797,0.0493032518179082,-0.0245076306334633,-0.0666008156693268,0.0820806088289811,-0.0354214288125255,0.0232797159613242,-0.0338084994838871,0.000503335517759079,0.0290829835495689,0.0321455596616169,0.0908320051508811,0.0240917676028906,0.0647398995875431,0.0800328146710216,-0.0260537938096828,0.0608571845885315,0.0364235631121315,0.0558564255461583,0.00543266715051158,0.0602485504886583,0.0045221178650022,-0.0285313855088325,0.00398842827461415,-0.00476428551646876,-0.0234683285813071,-0.0455901749514689,-0.10877928124238,-0.133820887899484,-0.0945047970345492,-0.0738933988873338,-0.0557157253133842,-0.123497017397246,-0.0769421339381406,-0.103132530939254,-0.280008445191537,0.00695933168033594,-0.117935351889874,-0.112855879034615,-0.105369964015253
0.0712309001875345,0.156651549008855,0.023381079008908,-0.0647597346142634,0.125611386713513,0.0369773296968558,0.186706271545627,0.0822748850852998,0.0925769128510504,0.0980115268342563,-0.0710827200165384,-0.110573310892934,0.0864070946937965,-0.00597427805617479,-0.079934123469164,-0.082691706541092,-0.0683925655970439,0.00269798983334102,-0.0520585937901534,0.0343573109061508,0.0717680771244684,0.0440508011985656,0.027704011841211,-0.0370240292998772,-0.0158881815386318,-0.0887372469321521,-0.0342542564085487,-0.0452748112119253,-0.0617238449717812,-0.0798294894572102,-0.107462686628047,-0.171378091552639,-0.0922362051768707,-0.0880153268669411,-0.0372894716809249,0.00542802489545741,0.0251094591643786,-0.0442161880634533,-0.0349531328069195,-0.0484345379150303,-0.112821955232695,-0.0385028024824666,-0.072017867124282,-0.10437004236719,-0.0780884961403509,-0.0501177624526876,-0.0423864867945665,-0.0209467264355218,-0.0350398334676438,-0.0712501851194787,-0.0508231348569981,0.0760512894115,0.0383227982627656,-0.129985263997308,-0.0312127778405222,-0.0323090697082283,-0.0334801605143731,0.055114906333787,0.0895957154046397,-0.0628562152410985,0.0357419725895218,-0.0315097196904972,0.00114234028420002,0.0478142818297933,-0.0502183450008913,0.00106476005676115,-0.015688180966347,0.0212002790400246,-0.0130072693368509,-0.0342442632646228,0.0823329409448889,0.0225676876140481,0.0303550248482369,0.111486808878858,0.0383282453160166,0.0723730579239795,0.129439341051478,0.048152105257965,0.0293686239323705,-0.014665693863987,0.123794257120355,-0.015723693563745,-0.0203444112995616,0.0659682759749839,0.0279910541325233,0.00436758838388018,-0.0161152727153894,-0.120015431984428,-0.0659315966244253,-0.0288304202829573,-0.0273723985191086,0.139689550570644,0.0778619963507842,0.15897570796808,0.120512766199885,-0.0213953324480711,0.0550861120404224,0.109001089670744,0.0557631802911376,-0.0691446322910878,-0.0588854491372013
-0.0317701461294502,0.026481695961137,0.0363659930681333,0.0940310397057603,0.100026623515545,0.0387833779682972,0.105014025764198,0.0598804481858088,-0.0676238887204546,-0.102935209495878,0.0484266662495346,-0.105668638566996,-0.0984660189785642,0.0623940827242815,-0.0407304390278733,0.0136166798259499,-0.0362127238046842,0.0355097229578961,0.016904025967323,-0.00928642775005858,-0.0374149839070143,0.0332634275114078,0.0676535676142322,0.0960659824024475,0.105553352367668,0.141239141503888,0.0409180211563981,0.0189499646470511,0.0377654164008464,0.0673436865323918,0.0127020768366239,0.0513647627697971,0.0476916817171875,0.0442449755013352,-0.089360075695981,0.0920285637340367,-0.0586851032247494,-0.0968878473546454,-0.0410511065199781,-0.0682743382703885,0.109824804925717,0.0271840784236819,0.0218843523378187,0.13983863284107,-0.0356558441748615,-0.149975071766733,-0.050692338438843,0.0355111363284582,-0.0121184897794334,-0.0271137914870018,0.085192769617736,0.0467367780080853,0.0619187419795008,-0.065063746428861,-0.0761416428008232,-0.087231809844816,0.0740675903429702,0.0241208125812319,0.0475230517795482,0.0548914177874991,0.0751973263288975,0.0620033932286523,0.128557226811983,0.0495729741702368,0.0486614511544716,0.0413936402462529,-0.0335830452426024,0.0315015789317537,-0.0559413787675238,-0.119229517228678,-0.134921772085151,0.01347785210735,0.0505519846888628,-0.0369046594669902,0.00169162429733966,0.069074873435412,0.0219309352052434,0.00167313398130833,0.118108392179398,-0.0423560698708639,0.0946539464158232,-0.0184885988861398,-0.15426292762473,0.0253140830130777,-0.132021462079972,-0.0479358886880464,-0.0565603046140922,-0.235247671491704,-0.130260524729063,-0.102733733513827,-0.0661747588708903,-0.0256311807151635,-0.0733389816898093,-0.0237731852844865,0.0263586264163646,-0.020992322189085,-0.0606731223527588,-0.100091021601768,-0.0371980121313184,-0.0490116348919167,-0.0581445923136379
-0.0613801000520612,-0.132148242822938,-0.0459172839725304,0.0333499047547987,0.0557489741777045,-0.0580329951785929,-0.104405653734763,0.00438381471095378,0.0415297656503736,-0.0368643403086653,-0.0962755735515874,-0.0854722488276308,-0.121916748737656,-0.0379072301999367,-0.0931039237981792,-0.0845640270706578,-0.087463620253019,-0.0575167183463005,-0.0962102915340317,-0.0640867969785272,-0.0600435258003623,-0.0677340516511776,0.0739474069793855,-0.0118887895673426,-0.0558496219919083,-0.0523098418099757,-0.0513289122286489,-0.0513794547417471,-0.00115598885631865,-0.0480862659508866,0.00117471230737712,0.058872523894806,0.0256398335628513,0.00569318949168496,-0.015968018761017,-0.032612482335109,-0.00392856525159366,-0.0290089662112747,-0.0174171698160294,-0.037014949102744,-0.00322371073824784,0.0457399094886042,0.12772820579422,0.108106508413907,0.000680505025015321,-0.0846071407954399,-0.0981573911618049,-0.074066654908897,-0.00886096685745566,-0.00219997145971043,-0.0322006215980206,0.0764121557516777,-0.00733689251197617,-0.000116207812857955,0.0299678301566058,0.0171143488173287,0.0655382301665442,0.0355060719808698,0.043579506106293,0.0113685542655553,-0.023467632511591,0.0625256652788552,0.0629166534887911,0.0741213248798397,0.0320971574826224,0.0189840029878251,0.00303196580859788,0.0439196759845646,0.0249300466158435,0.0604909422958426,0.102134993447643,0.0686888079631292,0.0848328967551285,-0.00241138120755546,-0.00945664091383833,-0.0410874168743217,0.0357154594000589,-0.00427065509989927,0.0758037799629936,0.0427739605100945,0.0347174667213497,0.017855504789536,0.0317876456612693,0.038642866850931,0.00143405176570841,-0.000166841569560455,0.0358134348823922,0.108535526630927,0.0350892009413814,0.0650229936339278,0.0465416763538554,-0.0395365959500048,0.0290173739788248,0.0399927886416589,-0.0168068476744893,-0.0344609493013387,-0.06282341637068,-0.0859458156767804,-0.0350369797145811,-0.0282201241607546,-0.0123647747097219
-0.0140831128451125,-0.0542035015269453,-0.029968099232519,-0.044157339517291,0.0342046137768101,-0.00972723300379397,-0.0539971112710759,-0.0201811656568811,-0.042497453973747,-0.0827971555375538,-0.0271099357589853,0.0173909704431454,-0.0497477647558858,-0.049587941913476,-0.0378409001283364,-0.0287076480581847,-0.0615144141071604,-0.0231503820755182,-0.0301915194649481,0.0145172995082606,-0.0111511230514889,-0.00611632184972583,-0.0230219767715602,-0.0697428139954495,-0.00387391441416873,-0.103537745556922,-0.0741145424386019,-0.052656335278023,-0.0645272048103997,-0.0348183486735281,-0.067058400534519,-0.0947512866190426,-0.100873324029676,-0.188240146771776,-0.146792349053179,-0.186671383884856,-0.103619047187242,-0.00707900502194919,-0.0642114790072852,-0.0820686053278131,-0.0935520709259414,-0.0198682079942474,-0.0182243307082771,-0.0334558185207793,-0.0773501230839737,0.0186218605874069,-0.0525311272405847,0.0135912183840615,-0.0803866186605522,-0.161948554181394,-0.0727869931804849,-0.0260482854461233,-0.028725186326205,0.0167036789458429,-0.012922119107611,0.00301436732035523,-0.0500404585322594,-0.0548101703807159,-0.0299630924320141,0.00584735788702201,-0.0293290928184728,0.0779351623561496,0.0393621043562323,0.00434672515989956,0.0322105883093176,0.0308500118872693,0.0684765984236723,0.0511598794363834,0.0246007458381672,-0.014375143166288,0.0762964024470446,0.0490708695050525,0.0559763732771654,0.057039364156657,0.059339754966159,0.0455422442497171,0.0533288684063677,0.0927277116197965,0.0593018894168955,0.211631826303895,0.0910066109203254,0.115508393549485,0.136190533010619,0.120613045042414,0.0788092395546021,0.158755561261262,0.209376520117017,0.104381306525333,0.115742483338277,0.0656856538377383,0.10976763974371,0.154393385977388,0.155531229772876,0.120207660111997,0.113155141529944,0.0754624407628771,0.0614966459436384,0.081862463410364,0.113147111023425,0.0540670803263329,0.111404490373887
-0.0964243458686311,-0.038008012480295,-0.104596974003357,0.00843731485253379,0.0141162755202921,-0.0729773108879352,-0.052617468446613,-0.0541813468305111,-0.00237131636128313,-0.0027501570144241,-0.121352222007395,-0.0795998642452401,-0.0804253885581095,-0.0788003266869988,-0.0496830977040805,-0.0461246013491396,-0.0275062880756919,0.0692789695033642,0.0741977085793764,-0.0524870509298808,-0.0210312170756214,0.0937199481919782,0.0803119595303899,-0.0657043695897003,0.0840918758883986,0.102572721373235,0.105241337800412,0.0365843878314674,0.0627449143613371,0.136869163530595,0.0778592098339239,0.0709549584459291,0.0812931967853936,0.141047103072488,0.130139908095599,0.0917141466879459,0.161436075354845,0.07830488685367,0.112512431973109,0.128583355283168,0.21586070067667,0.063262268745371,0.103789965016347,0.0990829020076347,0.127070401884196,0.0831926721775468,0.0966959218421427,0.128574955080964,0.063682395200258,0.0654524956134312,0.140974871652353,0.13378674760255,-0.0186076141868836,0.0246983497223662,0.014188055152936,0.0422705005997564,0.0883819179944252,0.0330502107469151,0.0705644740825404,0.00276563171897623,0.0181570721140474,-0.00409655627577926,0.0370472450195922,0.0310720277324041,0.0225951033757044,0.0143454978789078,0.0157223293316621,0.0246985459515916,0.0350110394104707,0.0165412026931208,0.0613253647613215,0.0859350990371774,0.110906455072566,0.148651932837073,0.0494317146916185,0.0508120436177138,0.0316107161099617,-0.0876028996049565,-0.0765049095746273,-0.0123238205880399,-0.0528954861420251,-0.115250869973435,-0.0128617808238003,-0.0321199590666987,-0.0173509019284257,-0.133807656335304,-0.0706568154457135,-0.139118381363407,-0.16214566219957,-0.064919319576469,-0.0662900773702529,-0.0349075253607019,-0.089694042944672,-0.11776996555795,-0.0593311957833772,-0.241783606389877,-0.190129038930715,-0.160512808080403,-0.208076151814861,-0.170003993433958,-0.178916711801871
-0.00827378738053058,-0.147031209029328,-0.0977780909488117,-0.0813062353300211,-0.017207864872257,-0.121087892575554,-0.140952773718936,-0.120063671085008,-0.0306189420029505,-0.0833165126923325,-0.030470993739141,-0.150064739431982,-0.0390518705911283,-0.0422135034747708,-0.115055098126133,-0.146873939256691,0.0057527859605524,-0.130051481502066,-0.101286454289154,-0.0753110631125743,-0.086624505965638,-0.0619056176448828,-0.104584568728401,-0.136642434891224,-0.027560768694823,0.022559143180103,-0.00993302889809722,-0.0255525090582317,-0.0520709223309589,-0.0285619898161549,-0.0512943922841983,0.00138515078452342,0.0105052684902489,-0.0581135902841311,-0.111337610348239,-0.0385464907401574,0.0492846400611106,0.0103951008694336,-0.00273674406832555,0.148899666651464,0.0840769454551045,0.0487505839830993,0.00780278160265607,0.0955147114506888,0.0436879940511977,0.125046636526633,0.0627249211036515,0.0644417108503929,0.0134563881778774,0.0529333741353031,-0.0155293883893271,0.067243138124625,-0.038098524229278,-0.00909838544983019,0.00141398538044291,-0.0114961385420239,-0.0452792171510175,0.0212770468096145,0.0694048483868271,-0.0691170148742516,-0.0434468829503953,-0.0396483991484512,-0.0784425034377462,-0.0272376577615697,-0.0492431122208019,-0.0249357899004484,-0.0317598451849358,0.0164366764542833,0.0224664922736539,0.0828785965438044,0.113048162741947,0.129165333688275,0.0818227381896195,0.0890550865815458,0.0190899977189686,0.0570242665349299,0.0721322824538572,0.023815335304525,0.0693273162418241,0.104644869531344,0.016650351088664,0.163640981583616,0.0681739517199865,-0.024041859897444,0.0913580540365521,0.125890721595726,0.174566264670027,0.199643642196508,0.223271390715371,0.147194803085252,0.114051807229265,0.0978921624859505,0.104327655502655,0.127396014934504,0.214145988925488,0.0802148222648432,0.115637388952101,0.135529247691183,0.14402192806515,0.151755738565826,0.0679413137684231
-0.0890332479512666,0.0146212129152534,-0.021763935280773,-0.00487346287290244,-0.0102340094177066,0.034610331154972,-0.041800569085054,0.00791770063217789,-0.0636008274198031,1.20612581902962e-05,-0.0201605396532317,-0.045909556558987,-0.0620651637726146,-0.0655404633540952,-0.0304272364447519,0.0325182005368739,0.00504165046614274,0.0281498298651192,-0.0765671425132766,-0.173165945432214,-0.150371389506241,-0.117446322094221,-0.0277973197091963,0.0910927029225965,-0.0453463589537038,0.0716195274742584,0.0129913492944148,0.00530702910036657,-0.0475900271884794,-0.144202366319018,-0.0939256532816392,-0.123746571224532,-0.0732519906773935,-0.0374283431116177,-0.0755296662404274,-0.0390850466737413,-0.0633446138832947,-0.222798622969274,-0.12888047661774,-0.141221946450146,-0.0968299349928252,-0.137518420757288,-0.122274288296387,-0.0538615019501142,-0.0193551340657799,0.0528475895765744,-0.183012091428101,0.111050789749152,-0.104750726068949,-0.0153921236722675,-0.065645523499608,-0.0185953372086563,-0.0558046035618608,-0.0388625581049449,-0.0838484057444424,-0.0273590520956753,0.113994501211191,-0.0369317986754061,0.117216868787454,-0.121982450209442,-0.0069009243630966,-0.0447673687240988,0.00746118234547868,-0.0837583876813328,-0.0675732898345256,-0.128782096002507,0.0108528694715751,0.064569322835809,0.00779165395352045,0.10090390607309,0.0530960730773699,0.140671828264839,0.0416091288754719,0.0680919418951657,0.0431758139099775,0.0145700743549572,0.00630857640313853,0.0216811986960579,0.0210894874524602,0.014657064654766,0.0900853150938638,0.00158702680244252,0.0241134299470211,0.0500295528239483,-0.0124547906560682,0.0605071123329231,0.0758546659604518,0.12384862709757,0.140954268668224,0.100349912538256,0.256903429909346,0.206256071710411,0.0963878926718127,0.171141661406249,0.144543480775919,0.105083704783384,0.229617766157712,0.0835848843598489,0.101877033621056,0.125953434285105,0.0664163415654634
0.109130160013454,0.0496492692155675,0.0573356378297442,0.00330614637301938,0.129132261576987,-0.072037251259018,0.00259737093959536,-0.0857736613893059,-0.0769440727019357,0.123091273612074,-0.0760782398365749,-0.0834299218906017,-0.0281852268723288,-0.0595141691074582,-0.0173961094407835,0.0754364338853918,0.0911804552950994,-0.13882985330044,-0.0278266744167373,-0.10092581536647,-0.0326388372574516,-0.0320955298730213,-0.0476155741274496,-0.0537931770278403,0.0106188517625509,-0.0220652103791107,0.036760957891976,0.00380609622940126,0.0495603211337856,-0.0586431669299307,-0.0488143618815358,0.0371293775734826,-0.0877456956752457,0.0643990249410086,0.0185875036827352,0.0655299983630808,0.0412801519642164,0.0282740724544044,0.0483665084580867,-0.00673264966856493,0.0380558357999698,0.00312969141799593,-0.0389001744668379,0.0100656911371368,-0.00139376210022771,0.0318346347624898,0.0595289237896554,0.0770815095201906,0.00234092837822295,0.0134133423464552,0.13335967422375,-0.00601603527564645,-0.014724559375919,0.0179819314302455,-0.101084112030958,0.0378478679170484,-0.0240035382415318,-0.011177106373289,-0.0384324222373495,-0.076273485467327,-0.123610198440615,-0.0517712158729392,0.0780692375283131,0.0491658634346718,0.115393166657298,0.168262428835146,0.166404640550086,0.0704380987473496,0.0402049958489389,-0.0236481801593625,0.0453709772117584,-0.0598929888667633,-0.0406619380155984,-0.0762149859098538,-0.0759323534101849,-0.0613855388395592,-0.130472121538943,-0.104488478720296,-0.0947169563399173,-0.0836599578639262,-0.0277366118362317,-0.0920627264685725,0.011569173380825,0.0476315794328364,-0.0926743090978955,-0.0836095453317836,-0.130790015121567,-0.0572058279761901,0.058437390541648,0.0585849952868542,0.087854796896943,0.0420748606914002,-0.0192597214306414,0.11490347982619,0.0284241966255292,0.0939032775874439,-0.0511278571378044,0.0557943949909218,0.100640044706528,0.123773266811338,0.0366150463935944
