1.000000000000000000e+00,5.055342001429500610e-03,2.152581649220198254e-04,1.087665504006933196e-04,-2.078111739189671386e-03,1.405526715279955098e-03,2.724522142378970647e-03,4.854957965868581318e-03,9.307808247660181306e-03,2.886947283730046353e-03,-1.651588042193130991e-03
2.000000000000000000e+00,-8.359275938397869171e-03,-5.182389816207794153e-02,-8.465393024580486828e-03,-2.165876386143624280e-02,8.804587388754281591e-04,5.962099675827865243e-03,-7.646898554526100449e-03,-3.405468705399904150e-02,5.340063647893393377e-03,-6.785515739102697223e-03
3.000000000000000000e+00,7.118834682251595596e-03,-3.326607096127594948e-02,-5.791966984907340188e-02,-1.140254546042906124e-02,3.161671954217292651e-04,3.410392395298041633e-03,1.733464207687330019e-02,-2.436309505223082511e-02,3.073360589333348422e-03,-5.046264218107191987e-03
4.000000000000000000e+00,-6.223235377494580438e-03,-3.646122080871183613e-02,-3.579970150500583898e-02,-1.712954497753356366e-03,-1.362813798636347204e-02,1.161074356940195243e-02,2.626048362247274809e-02,-1.939234942114283558e-02,-1.579576311223836182e-02,1.271227622864196192e-03
5.000000000000000000e+00,-1.284546605182177413e-02,-2.582273102544146298e-02,-3.480367044118751890e-02,6.338435553184917914e-03,-9.968232066490801194e-03,1.060011135772521637e-02,5.305351201708846665e-02,-5.193735671190455316e-03,-1.074678346575909729e-02,3.084899414078648427e-03
6.000000000000000000e+00,-3.015109919427435073e-02,-2.022514119080183210e-03,-1.793928653859747785e-02,2.654755385647570264e-03,-1.060869470606079848e-02,-2.599667494011151489e-04,3.883473984383036676e-02,-1.386279668570596091e-02,2.984901588672534203e-03,1.434329839846181995e-02
7.000000000000000000e+00,-2.353391173777440865e-02,-7.234027525142246173e-03,-2.233396127416239357e-02,-1.845158651748894305e-02,3.678215537263896003e-03,-1.594621588943782170e-02,2.672209626251369208e-02,1.661317138006017467e-03,2.048680941736391592e-02,6.045148484425899756e-03
8.000000000000000000e+00,-1.703090686046529120e-02,-1.836233843510083966e-02,-2.119430276255203707e-02,1.891221397949770146e-03,-3.142403411140641707e-03,1.629330315971231399e-03,1.225712583506591291e-02,4.370369688375700876e-03,1.984591309970745038e-02,4.044973464456923760e-03
9.000000000000000000e+00,-6.873685631272936740e-03,-1.658664990843944365e-02,-3.290235410355935031e-02,-2.538139255086224039e-02,-3.757042290266354723e-04,8.753159634719181667e-03,-2.714960113524077061e-03,2.991810705567538725e-02,2.000036370128335100e-02,-7.872517842484771933e-03
1.000000000000000000e+01,4.650316539932869073e-03,4.380014130410581422e-03,-1.912562164778792290e-02,-3.697390917403346744e-02,-5.743541298978483908e-03,1.620973426303975312e-02,-1.437706080896401784e-02,6.090566733162157236e-03,2.241728459505371723e-02,4.016798625372829286e-03
1.100000000000000000e+01,-9.164360704418070616e-03,-4.341551069159290191e-03,1.882896347114187009e-03,-1.321805748060790944e-02,-1.509250332924084136e-02,1.610143701875339783e-02,2.974480354443574583e-03,3.104297584403807250e-03,-3.576207936994307748e-03,8.923392611378496916e-03
1.200000000000000000e+01,-1.787710215309304754e-02,1.797010011731031112e-04,-6.523257854932629218e-04,-1.425663369611159317e-02,-1.706381387513192845e-03,4.467564248309899809e-03,6.195516725948979403e-04,4.649540587799707962e-03,3.595357823351650293e-03,-4.761971957730608621e-03
1.300000000000000000e+01,-3.280566375639794828e-03,-9.976993996907681378e-03,1.862845514602386870e-02,-1.183515664126383836e-02,3.883848665642542029e-03,1.192806613274266471e-03,3.438082803525256692e-02,1.459423896684257892e-02,-9.809938014025947756e-03,1.273119592225880128e-02
1.400000000000000000e+01,-5.264224507318537513e-03,-2.377209717621554808e-02,2.333925884314767135e-02,-1.270894531825385310e-02,2.008225127545515062e-02,1.356662056923875481e-02,3.832225403992099710e-02,3.640893185387340109e-03,-1.333630302792744235e-02,2.752159961658756648e-03
1.500000000000000000e+01,-4.167466903920021178e-03,-2.911415749243037587e-02,2.967870515828711572e-02,1.886574331507605241e-03,-3.152132154620741755e-03,2.602035269212298746e-02,1.453241517337590903e-02,-2.902602911128697341e-04,-9.127617230947973614e-03,-8.814627440474578912e-03
1.600000000000000000e+01,-2.603143682832954192e-02,5.059241837982073400e-03,2.469913113961039533e-02,2.382353767359464067e-02,6.509535341782712696e-03,2.318554615938987415e-02,1.237511840269216699e-02,7.463898211404326397e-03,-5.270752045633209093e-03,-1.056876496493843257e-02
1.700000000000000000e+01,-3.798822146245346698e-02,-1.101569132283927721e-02,2.612018683472416922e-03,1.720740591424769345e-02,-1.020941709213462299e-02,-4.655260193875864405e-04,1.303642213259352187e-02,2.002235514997351834e-02,1.258624208824106472e-02,7.040744849431468562e-03
1.800000000000000000e+01,-1.525702513293125673e-02,-1.816773975989246018e-02,1.850365743328874837e-02,1.682087607940065468e-02,-1.661043939283496015e-02,-2.737144921308638096e-02,1.556338258469583923e-02,1.787215778742904174e-02,8.122026356729764290e-04,6.085316087180000534e-03
1.900000000000000000e+01,-1.523591663678868814e-02,-2.093696296209467816e-02,2.472676864631377300e-02,8.727744190383721762e-03,-1.367893644286400159e-02,-2.662340695150757636e-02,3.257865809673396451e-03,-1.329972530528928353e-02,1.583163267963759099e-02,7.202878798146450205e-03
2.000000000000000000e+01,-2.214171023895943752e-02,-2.335852239194660326e-02,1.457639527098488277e-02,-2.030660228989313379e-02,-1.077992690785850062e-02,-1.447731074419070750e-02,1.389943761411909905e-03,-1.661253288241310716e-02,2.410791986303323017e-02,-1.855666858016488978e-03
2.100000000000000000e+01,-1.203660529494037824e-02,-1.466519715550835580e-02,2.011837539059128585e-02,-1.178493839676144142e-02,-3.562127909340939789e-03,1.636903645599688609e-03,-1.462320255423830875e-04,-7.158034870933671287e-03,1.172082538586589895e-02,-1.702643299598024032e-02
2.200000000000000000e+01,-8.033136155752618884e-03,1.034446784177757775e-02,5.260834384049783985e-03,-2.487239850889968323e-03,3.649894501985719020e-02,6.862851097387377350e-03,2.001583895596466614e-02,1.521371787438698629e-02,9.220594807153193601e-03,-2.253090348683395999e-02
2.300000000000000000e+01,-5.340558274092539921e-03,1.929290963504383437e-03,8.900269748762811017e-03,5.264452343209666610e-03,3.742780720426095581e-02,2.031766442400458235e-03,1.444134350273150805e-02,2.268395788460351309e-02,-7.789222084486525574e-03,-2.314231045733536329e-02
2.400000000000000000e+01,-9.911511375267247417e-03,1.986689266043984402e-03,1.750302769549883647e-02,2.614931438299850780e-02,1.000168596268660899e-02,1.403516627422093065e-02,2.809668301265550588e-02,3.068260138443317311e-02,3.372590994966197069e-03,-2.665978185399915310e-03
2.500000000000000000e+01,-1.546367081776565608e-02,-9.847773373161878771e-03,1.159677802607300690e-02,3.756409841980900416e-02,-8.682248790831662358e-03,1.198959470315550703e-03,1.602621140451502765e-02,2.148794671094221564e-02,-3.011794303825996409e-03,5.330555475992436280e-03
2.600000000000000000e+01,2.406622781046462156e-02,1.640429870657756500e-02,1.323212203403061407e-02,3.193293873734404098e-02,-6.418263863842249908e-03,1.504576698527345345e-02,6.896136346797527086e-03,2.834708599648816385e-02,-1.313730871795459887e-02,1.330754677137946027e-02
2.700000000000000000e+01,3.598951617536583908e-03,-4.719514804845861139e-03,1.148982963645174722e-02,2.817759572382206451e-02,2.566501425939436611e-03,8.907821578252915831e-03,-4.409412488805012015e-04,1.526825875243960698e-02,-9.708723096228293395e-03,1.286664367324200607e-02
2.800000000000000000e+01,6.878414090845700116e-03,-1.494205920390520581e-02,4.851522665696885589e-02,1.457690654044229740e-02,-1.395657434219184281e-03,6.937039428141222874e-05,-3.412237666010466217e-03,1.957750193341143558e-02,-5.318946462474605230e-03,-9.562053467302965033e-04
2.900000000000000000e+01,9.243501801864343476e-03,-1.911310969616945507e-02,3.613109093974661151e-02,9.168205413840242041e-03,1.986159095171744632e-02,1.666467463668125717e-02,6.396371208950053962e-03,2.504972600712141589e-02,1.028928945935165054e-02,5.050655964935003676e-03
3.000000000000000000e+01,-7.149378332906127431e-04,-3.621606394908202797e-03,2.387763950978986915e-02,-1.283492665747746437e-03,2.365954282327736857e-02,3.349652799215826343e-02,1.000412315543821630e-02,4.078680029460825252e-02,-2.328502574804186542e-04,-1.452687942186110803e-02
3.100000000000000000e+01,-1.282413729362541499e-02,-5.201265718820206538e-03,1.521697017452699682e-02,8.675041004307087328e-03,1.292278325436383921e-02,2.996210066819365858e-02,2.223733139124143415e-02,3.382846133148359469e-02,-9.859950081343252584e-03,-2.167234937567629610e-02
3.200000000000000000e+01,-5.521473552030821928e-03,1.168238077010716816e-02,2.034707013331436484e-02,1.897397501019595228e-02,1.927174815514719588e-03,5.621575730796514632e-03,2.236115200359429893e-03,1.473300648206734252e-02,1.956279615620961504e-02,-6.961640900614129827e-05
3.300000000000000000e+01,-1.497920686651366649e-02,-7.089815852209156721e-03,-6.396985418304859498e-03,9.857417179522100573e-03,1.683007140986563302e-02,1.133264853967049998e-02,6.231106481816682183e-03,1.308318502114899987e-02,8.380895923119694585e-03,1.589184517817525399e-03
3.400000000000000000e+01,-5.681095287425956021e-03,-3.134610039569275808e-02,-8.083195356396172607e-03,-9.445327634101843405e-04,1.185154064148204525e-02,3.809822638553578104e-03,7.533024228525561465e-03,-1.762711222541342698e-03,1.067979241381346832e-02,2.716661116193560058e-02
3.500000000000000000e+01,1.540653396655822759e-02,-7.635080179797454521e-03,9.013377189249559968e-03,1.401775562535086464e-02,-9.818739150365487361e-03,-2.262641377839447535e-02,-1.618153864050436708e-02,-1.990993319254611826e-03,1.854425676171617826e-02,1.418243199866288384e-02
3.600000000000000000e+01,1.987475970764370284e-02,-2.401830745136515968e-02,7.658561270920419273e-03,2.332163164527949889e-02,-2.006157679219403023e-02,-6.080909907837913145e-03,-1.181708673719682971e-03,2.829358003402311986e-02,2.444452834164324503e-02,1.285571085703931561e-02
3.700000000000000000e+01,6.747837664652292858e-03,-5.925805936273923109e-03,-1.302817088275224321e-02,2.086974540579347032e-02,-2.061933701363982338e-02,-1.505992996499621369e-03,6.617206298962781223e-03,2.346119228563377582e-02,2.113892439668060841e-02,-1.695714298771989429e-03
3.800000000000000000e+01,1.128341477670168416e-02,-8.297783926861170695e-03,-1.820236208784326015e-02,1.859349786135978955e-02,-3.239284604367545419e-03,8.940236896835320260e-03,2.242436237105361382e-03,1.018479288391881642e-02,4.237389093019070137e-03,2.193844754041488626e-02
3.900000000000000000e+01,7.076965163373862347e-03,-1.235646285686848103e-02,-4.026921955132274633e-02,-3.817931607486830907e-03,-8.000467456249332407e-03,-1.998380299432089488e-03,1.089749412445512045e-02,-1.327275420101227746e-02,-4.281986560851029459e-03,3.745735370924404509e-03
4.000000000000000000e+01,-1.364341729450016527e-02,1.048472100970333949e-02,-1.534267348035405452e-02,-2.755718526854460549e-03,5.467925773999136700e-03,-1.933495188065173509e-02,-1.515032088883130033e-02,1.910971105331139841e-02,-1.772691676462257240e-02,1.488180020648218783e-02
4.100000000000000000e+01,-3.354454220768389179e-05,7.271351262923836031e-03,-3.143240764861450487e-03,-4.295037990790328934e-03,1.112082626338015481e-02,-1.290604908461965780e-02,1.273789014303938240e-02,1.379878846062673400e-02,5.955416297094087014e-03,3.089803879634149889e-02
4.200000000000000000e+01,3.292283203095314019e-03,4.719530739648210022e-05,-2.888386597020806829e-02,3.202170415732137621e-02,2.313211449891759610e-03,-7.429729191815399869e-03,-5.029575875990591367e-03,9.444468845694263884e-03,1.107834372928710037e-02,2.461453896527566326e-02
4.300000000000000000e+01,-3.427969389718353403e-03,-1.967131737499188023e-03,-3.619138844094290600e-03,1.331182637277805204e-02,1.854325683386593912e-02,6.326010781471655582e-03,7.346117664388534738e-03,4.225539457220631526e-03,1.121417505760975361e-02,4.275358442255943608e-02
4.400000000000000000e+01,-1.968673074803511253e-02,9.218901310382141695e-03,-1.689324089856775960e-03,5.292858440431794445e-03,2.751925881433848683e-02,7.670284223635154101e-03,-6.293390203617799106e-03,1.143164194510048592e-03,-9.870014734641602630e-03,2.702385008278029854e-02
4.500000000000000000e+01,-1.959013036333979996e-02,1.896874263438855929e-02,-2.298234128579498738e-03,-8.633619003934020139e-03,1.642380951735850428e-02,1.558090643536635435e-02,-5.361182195396205219e-03,-1.522972894165048816e-02,1.118962392582651712e-02,2.820013938612146026e-02
4.600000000000000000e+01,-1.931076758506491617e-02,3.263327019932104472e-02,-2.197185049320542552e-02,-1.624123104615872448e-02,1.323275436645149003e-02,-1.393060012046986283e-02,-6.852956358575241005e-03,4.620226920826902314e-04,6.602418611788257730e-03,3.196306209947471361e-02
4.700000000000000000e+01,-1.086702077449301293e-02,3.117131767361246836e-02,-5.330624470055075545e-03,-2.193831290506975673e-02,1.297134544679524361e-02,1.498963578294762108e-02,7.598066325468702878e-03,-7.523824185563634907e-03,3.510252108220931512e-03,6.279218369543274059e-03
4.800000000000000000e+01,6.419756908168250224e-03,1.565454794985706582e-02,-4.573221193572785115e-02,-1.387110476265698313e-02,7.021694393680821648e-03,3.373824268876259025e-02,1.554104481821765027e-02,-2.297176158583456862e-03,1.975269321262192179e-02,-7.999905156396327609e-04
4.900000000000000000e+01,-2.783671947184907999e-02,1.713206982075133472e-02,-2.683676293363859711e-02,-2.940947541547845809e-02,-2.113645487216688976e-02,2.605161690165547217e-02,-3.724008624278282611e-04,-6.015695455119300476e-03,8.790625555617900475e-03,-2.430298993154382092e-03
5.000000000000000000e+01,-1.249481263632778137e-02,-3.664560714991919703e-03,-1.245322053949841044e-02,-1.532982908049922155e-02,-1.535095395981354513e-02,8.694939876396979780e-03,1.047203052540313963e-02,-1.688349285894030468e-03,2.519359171634533850e-02,-1.383380726474030611e-02
5.100000000000000000e+01,-8.585651500704291963e-03,3.783262075757437559e-03,-6.353074776797723588e-03,6.400562531533438189e-03,-4.308412436589001242e-03,1.971941502543371125e-02,2.136435955885878160e-02,-1.444661821940945723e-02,1.995436231584360454e-02,-1.201896430900824438e-02
5.200000000000000000e+01,3.182742295339322652e-02,4.130278562527638087e-02,2.730569195713207498e-02,3.675267463182367578e-02,4.475601523160720879e-02,5.469954956917674055e-02,5.700878801482346658e-02,2.485140474291213861e-02,6.009141548765458557e-02,2.479341826672204832e-02
5.300000000000000000e+01,8.995788639648785723e-02,1.036344573779972994e-01,8.975906647742569466e-02,9.134870241159477600e-02,9.104506550269517162e-02,1.110243832660535307e-01,1.142503617404565103e-01,8.142835423978785070e-02,1.110788394224410391e-01,8.592639778702784725e-02
5.400000000000000000e+01,1.424960628126591966e-01,1.509126530036811187e-01,1.380364923256149623e-01,1.358645661706954222e-01,1.420812206885157802e-01,1.521526708270868333e-01,1.653525314592533824e-01,1.301620352024561167e-01,1.544573689901179159e-01,1.321662390806099818e-01
5.500000000000000000e+01,1.856662883536767672e-01,1.906340885204825530e-01,1.791469663908197840e-01,1.804356550206747956e-01,1.874736029424372563e-01,1.949170386604724137e-01,2.081192192882230230e-01,1.693469005711175368e-01,1.923996304686353687e-01,1.754041182774578600e-01
5.600000000000000000e+01,2.244393322089782983e-01,2.221083951689533931e-01,2.209273767915174713e-01,2.154861949055198456e-01,2.262992417393188682e-01,2.303584122274571211e-01,2.508963102096199993e-01,2.145536340887998217e-01,2.284375092330569179e-01,2.206187287957044885e-01
5.700000000000000000e+01,2.618023548654324073e-01,2.541605110371996101e-01,2.610972333860220873e-01,2.456502000425245247e-01,2.667975679122412402e-01,2.597509092460482671e-01,2.915265371553840690e-01,2.481865139752715277e-01,2.603279902266485979e-01,2.653355876617817799e-01
5.800000000000000000e+01,2.974556658614561089e-01,2.840991917154133684e-01,2.935032736236897755e-01,2.737323887972219483e-01,2.965316481528071368e-01,2.902695881793447841e-01,3.178104504844673217e-01,2.775168253947327690e-01,2.946083990837148336e-01,3.032389559675471302e-01
5.900000000000000000e+01,3.236626657383565586e-01,3.148157615377801255e-01,3.261460861474526074e-01,2.979588027996388222e-01,3.273589778885056534e-01,3.112958646816003094e-01,3.425107729532791412e-01,3.146713002282086613e-01,3.232089397247318585e-01,3.381747315482943606e-01
6.000000000000000000e+01,3.487163582162692843e-01,3.450835616753339385e-01,3.490689433143106535e-01,3.367867427782098577e-01,3.486449789428595070e-01,3.371793643196397405e-01,3.686393169081142451e-01,3.426440886307059452e-01,3.474782741275962428e-01,3.572311969516284158e-01
6.100000000000000000e+01,3.742113567049923373e-01,3.622582376589351116e-01,3.765391258759612780e-01,3.548541279731329268e-01,3.775496965833556873e-01,3.519466970119770610e-01,3.901481759068319288e-01,3.607270770198658383e-01,3.746489568088196553e-01,3.882908125646732378e-01
6.200000000000000000e+01,3.995979206712142462e-01,3.825620964184205386e-01,3.917468045452522363e-01,3.727192041981209902e-01,4.012149558608729127e-01,3.747193623967337017e-01,4.146986984502760154e-01,3.891818711393327801e-01,3.970244969777395605e-01,4.057553991823817374e-01
6.300000000000000000e+01,4.147476422325316880e-01,4.081385067554597623e-01,4.236481855068846558e-01,3.953436496778843234e-01,4.312762321503004204e-01,4.038176993302132756e-01,4.216240425862090579e-01,4.102453214242544055e-01,4.150600865383833882e-01,4.311970453501384748e-01
6.400000000000000000e+01,4.486901562048847825e-01,4.156133523467180346e-01,4.458405236185115639e-01,4.106171153752479208e-01,4.328831243699432507e-01,4.367174382414244493e-01,4.418847461722795744e-01,4.304627913759328517e-01,4.309813775469559793e-01,4.548246111695849470e-01
6.500000000000000000e+01,4.626792688329891545e-01,4.470740307130883773e-01,4.583950999601450471e-01,4.372543196463412052e-01,4.533970466544632316e-01,4.496299418159013794e-01,4.650474903928822346e-01,4.609845031533704729e-01,4.516634230110408987e-01,4.796404553285805727e-01
6.600000000000000000e+01,4.769856476720121252e-01,4.728662444728594094e-01,4.768351793018591467e-01,4.582830581941587655e-01,4.761986413038162835e-01,4.761668624568283770e-01,4.970238604821851647e-01,4.798008222235036757e-01,4.687164680662505023e-01,4.930085748648068145e-01
6.700000000000000000e+01,4.871903146644129268e-01,4.861009601002769243e-01,4.907076705319942111e-01,4.716069382464338489e-01,5.041220300375811592e-01,4.865858542581381063e-01,5.027655106475781288e-01,4.857791640727257554e-01,4.818129217730435232e-01,5.169686763155032505e-01
6.800000000000000000e+01,4.953583443730137925e-01,5.064492405245795137e-01,5.021254348959123259e-01,4.936956460770316468e-01,5.149414062921315871e-01,4.870191605140576918e-01,5.123672500009511799e-01,5.048586033183717348e-01,5.047701675254494535e-01,5.175624203255809741e-01
6.900000000000000000e+01,5.101973590483470655e-01,5.093555279570882721e-01,5.072824970603501127e-01,5.073099297627601256e-01,5.183102703051881699e-01,5.007757603818817627e-01,5.380636562329317307e-01,5.166270466067623968e-01,5.146424493859778071e-01,5.300984654907341387e-01
7.000000000000000000e+01,5.230268328190768035e-01,5.195946785814584690e-01,5.233589719248985528e-01,5.154104483559941441e-01,5.430328753689881438e-01,5.064520828385306039e-01,5.446714075126088961e-01,5.229914550202611201e-01,5.273175039448398937e-01,5.512834718340224871e-01
7.100000000000000000e+01,5.320063617236910902e-01,5.284211497505804100e-01,5.417400631194160265e-01,5.324047912121814274e-01,5.536736243852191652e-01,5.328219742136849346e-01,5.584057202319631097e-01,5.419197097708158273e-01,5.413767127263313661e-01,5.639482652337860502e-01
7.200000000000000000e+01,5.455552808378210106e-01,5.380464812830909604e-01,5.507710973045255587e-01,5.512883929027957430e-01,5.740580000275741224e-01,5.556625931986871603e-01,5.656275735668343518e-01,5.536124516997318334e-01,5.674662011773646819e-01,5.770158282451801623e-01
7.300000000000000000e+01,5.544941465592214680e-01,5.667993199842153995e-01,5.676707743314634014e-01,5.609347835867374288e-01,5.651462759565456517e-01,5.676993969006000063e-01,5.732899702253273500e-01,5.632092052479482636e-01,5.769722985354632794e-01,5.828728984819933068e-01
7.400000000000000000e+01,5.673957711262954673e-01,5.800283291042364064e-01,5.785156717745643107e-01,5.644246363167657599e-01,5.774381747143573218e-01,5.812958239694222540e-01,5.715773533056747180e-01,5.809918954906725386e-01,5.703100402092096122e-01,5.893797556072480903e-01
7.500000000000000000e+01,5.857378572612695899e-01,6.050465301842413712e-01,5.844825603456731411e-01,5.872448083698864618e-01,5.854243423733385132e-01,5.863366922815457238e-01,5.919151573559138235e-01,5.902938532291587270e-01,6.000129340048357962e-01,6.030664421425760979e-01
7.600000000000000000e+01,5.905540799781316963e-01,6.104495687633697543e-01,5.818357706898475978e-01,5.944851792604307628e-01,6.011803593611779739e-01,6.042562570393521515e-01,6.054439975432139853e-01,5.988154776274847713e-01,6.136906279477323256e-01,6.038241603456068196e-01
7.700000000000000000e+01,5.880813863728036051e-01,6.128561553349154423e-01,5.921222941302828335e-01,6.100938179618707879e-01,6.113607609495503858e-01,6.147103611389519440e-01,6.225007859723556969e-01,6.298097695328241930e-01,6.130813880393604087e-01,6.183140864618213994e-01
7.800000000000000000e+01,6.181272162855934171e-01,6.281748950653538444e-01,6.183614368359997560e-01,6.071451809954977463e-01,6.338405714154313753e-01,6.153820037441508628e-01,6.324977336813036866e-01,6.173128134957692748e-01,6.251116284125071143e-01,6.250129699988355991e-01
7.900000000000000000e+01,6.237340928897060488e-01,6.390913098553105964e-01,6.337424093239353295e-01,6.063520542602220953e-01,6.435428235703205546e-01,6.312047490213172907e-01,6.290889827167790438e-01,6.345821312858751506e-01,6.221722907337647879e-01,6.455723107777473491e-01
8.000000000000000000e+01,6.240183600272539710e-01,6.698031229334453496e-01,6.220120083813848177e-01,6.245620245114693603e-01,6.593192563697258812e-01,6.492793144399139349e-01,6.347950844131693415e-01,6.402433113089909256e-01,6.398590616970347700e-01,6.554112520390269481e-01
8.100000000000000000e+01,6.299991505763491428e-01,6.501839843239933803e-01,6.425924649486235429e-01,6.357803702481257258e-01,6.583404221684103774e-01,6.466021454383015232e-01,6.413007684457375790e-01,6.619630221728780572e-01,6.468651093804480556e-01,6.606232810014284196e-01
8.200000000000000000e+01,6.369528322687818545e-01,6.652453115514094240e-01,6.452863814070416426e-01,6.445162393802029710e-01,6.844477499041385915e-01,6.687360775391484324e-01,6.347369281647277095e-01,6.532085071904046858e-01,6.621870914079803772e-01,6.666213909780547286e-01
8.300000000000000000e+01,6.444233274916523202e-01,6.883326499157276235e-01,6.599751154094827266e-01,6.628524937206294876e-01,6.681713371976486515e-01,6.734779090569892324e-01,6.489786966996018425e-01,6.643578470983484419e-01,6.729081556116831564e-01,6.804396120475526555e-01
8.400000000000000000e+01,6.453606118663141045e-01,6.769724182392039546e-01,6.585971127580910744e-01,6.765382413003850903e-01,6.678607564031444621e-01,6.726930546597402749e-01,6.757222391511394921e-01,6.749593373296152166e-01,6.692313672702434602e-01,6.830431640385684622e-01
8.500000000000000000e+01,6.668588499566430183e-01,6.875825844030561962e-01,6.802858546933995276e-01,6.702021321961333378e-01,6.901120824422931621e-01,6.736383857803777131e-01,6.760447480193906289e-01,6.839600580390083895e-01,6.882731982563385920e-01,6.991732305460501840e-01
8.600000000000000000e+01,6.637216939297078122e-01,6.948411587838232428e-01,6.624332435208939440e-01,6.691229550488849709e-01,7.129504992621042980e-01,6.699952007047990099e-01,6.932299146759998143e-01,6.880337150590977169e-01,6.926737969560188279e-01,6.968083345668464323e-01
8.700000000000000000e+01,6.660718494729450656e-01,6.844961560472846429e-01,6.851829718238198197e-01,6.889564922218780474e-01,7.158717265792081674e-01,6.947504427905891733e-01,6.985525151452994796e-01,6.836190014130955062e-01,6.935232708573876304e-01,6.883720134511660538e-01
8.800000000000000000e+01,6.796987725583404361e-01,7.069232552484510101e-01,6.902186431026553493e-01,6.814967583959996578e-01,7.290835274629999807e-01,7.118479398257556712e-01,7.039613746044839360e-01,6.870967649915497022e-01,7.084909973864246258e-01,7.003352148010172362e-01
8.900000000000000000e+01,6.830325463439530509e-01,7.089755423688556268e-01,6.853798629164933320e-01,7.024461552726259939e-01,7.365864240525276108e-01,7.118565939929725195e-01,6.931785884131302922e-01,7.082748252167708758e-01,7.145854903182025097e-01,7.144208066580288730e-01
9.000000000000000000e+01,6.832144372649830988e-01,7.096118459528295563e-01,6.810129904480383134e-01,7.041517099621421583e-01,7.331855269611506909e-01,7.048990457145674071e-01,6.898867974637694633e-01,7.014861307081899922e-01,7.188335967438880258e-01,7.184725217675606013e-01
9.100000000000000000e+01,6.907535608595265497e-01,7.089066018585568063e-01,7.116977123759307133e-01,7.037431153625404168e-01,7.415749841806478226e-01,7.208378182287272784e-01,6.973099844031807049e-01,7.079402901665368120e-01,7.316262514831162189e-01,7.091237187328534031e-01
9.200000000000000000e+01,7.056720581957670602e-01,7.176291375149993490e-01,7.097508055953658523e-01,7.137318327023083331e-01,7.332714744314646760e-01,7.363575986554227182e-01,7.154141948425960518e-01,6.921167290129797145e-01,7.517109203051877131e-01,7.176557347745019522e-01
9.300000000000000000e+01,7.088152488660155459e-01,7.205188333519296773e-01,7.157953806680429354e-01,7.217288925110454390e-01,7.374199428567658199e-01,7.357503009090300417e-01,7.225171421250041748e-01,7.239503838641766498e-01,7.527354973982437469e-01,7.302607257192976764e-01
9.400000000000000000e+01,6.966477386268241645e-01,7.228803071542715397e-01,7.154377497846058365e-01,7.264123043396100154e-01,7.273708902602230575e-01,7.324538164112406324e-01,7.366475948279667119e-01,7.394326859762260229e-01,7.464159258610668646e-01,7.420752819894429475e-01
9.500000000000000000e+01,7.151826593432296653e-01,7.201211185800551196e-01,7.177240182227968557e-01,7.218970766127431604e-01,7.312446460858414987e-01,7.339900623193295059e-01,7.376180273622284789e-01,7.478644573950061769e-01,7.333412119548211594e-01,7.571281833407289552e-01
9.600000000000000000e+01,7.275461936471714353e-01,7.185146099279535736e-01,7.268482972648768747e-01,7.264254944541588266e-01,7.468716640467644163e-01,7.537567232851583032e-01,7.488124936547873034e-01,7.459176629324163477e-01,7.471406872328558713e-01,7.535896081050563744e-01
9.700000000000000000e+01,7.372840273551044543e-01,7.327519659482951697e-01,7.148850589481493545e-01,7.312451377925783813e-01,7.511630151862261906e-01,7.646333817984057868e-01,7.344465915669421419e-01,7.584315360275404316e-01,7.527480144546263574e-01,7.545411552577779846e-01
9.800000000000000000e+01,7.266862376901145337e-01,7.436323344910248379e-01,7.158459809012154285e-01,7.438065402496348844e-01,7.498364627197364740e-01,7.576209666768708439e-01,7.405982686874061915e-01,7.685018535614732693e-01,7.574314953490433044e-01,7.472819804350888662e-01
9.900000000000000000e+01,7.377443112067828546e-01,7.482645893608831367e-01,7.393447771287949832e-01,7.364416842809587971e-01,7.612566530907498574e-01,7.472260680310924830e-01,7.472872853511191016e-01,7.706098228246044402e-01,7.627463828006569857e-01,7.537053757301565016e-01
1.000000000000000000e+02,7.512968467989402654e-01,7.495009628167312865e-01,7.469462426900992380e-01,7.458939690126481503e-01,7.546475431926744637e-01,7.445993017620010646e-01,7.393570800658737507e-01,7.780811589732128386e-01,7.547759359236673182e-01,7.710886855752139279e-01
1.010000000000000000e+02,7.580988800569640196e-01,7.502919628004911523e-01,7.354571345013812822e-01,7.481738806861922830e-01,7.643484980331669565e-01,7.420567481538399290e-01,7.525904546117020422e-01,7.611841080605692422e-01,7.721776944769681572e-01,7.826065173486447257e-01
1.020000000000000000e+02,7.423961590687048195e-01,7.487054616605999247e-01,7.342941095444108779e-01,7.508449478758376650e-01,7.847154595303472702e-01,7.539886040908089226e-01,7.495296416928067806e-01,7.557994240088359295e-01,7.650202139544386437e-01,7.926896027561339819e-01
1.030000000000000000e+02,7.551413125572892238e-01,7.582330804551012937e-01,7.490049603598510908e-01,7.602703162451546204e-01,7.971563584746114151e-01,7.675336116945941090e-01,7.635242617411581723e-01,7.484789023698058541e-01,7.727685305021573248e-01,7.856153190284118626e-01
1.040000000000000000e+02,7.570382320699283740e-01,7.683334299394588562e-01,7.668305776039611166e-01,7.629251843351525508e-01,7.808238423807580819e-01,7.766395577500757597e-01,7.796373372949817471e-01,7.485120867298168390e-01,7.779411442266461751e-01,7.801668649230004693e-01
1.050000000000000000e+02,7.596041300789182493e-01,7.695532121386119417e-01,7.821789937330383413e-01,7.824680049385619451e-01,7.796944749571470545e-01,7.856072238758671222e-01,7.996404285339332452e-01,7.707999544606733977e-01,8.090024515459462995e-01,8.030821745981793214e-01
1.060000000000000000e+02,7.531136472588301212e-01,7.688344735816740050e-01,7.736308695024247672e-01,7.863374230902201445e-01,7.810905769818967670e-01,7.863975558148765810e-01,7.889093526899276787e-01,7.804079325506398934e-01,8.062587837963788306e-01,7.984418961520240998e-01
1.070000000000000000e+02,7.502984147140534521e-01,7.913350555930568353e-01,7.730392629642570679e-01,7.950812499249734211e-01,7.900846529425076259e-01,7.793994064222012907e-01,8.151337362853368074e-01,7.851136215765662785e-01,8.219080367064679482e-01,7.785911950262557335e-01
1.080000000000000000e+02,7.522160518620222280e-01,7.825066246332316178e-01,7.702070058134264929e-01,7.906005100654894813e-01,7.931398144599391964e-01,7.775679744936687676e-01,8.170357411993141028e-01,7.854916275406185200e-01,7.985592507098526749e-01,7.937723885075687047e-01
1.090000000000000000e+02,7.766866322635623821e-01,7.870253218151489483e-01,7.866341666056362314e-01,7.848567155339213341e-01,7.900207000659483780e-01,7.878785250964022158e-01,8.171127700663541882e-01,8.010236291579190260e-01,8.034125646544778565e-01,7.919217558885641717e-01
1.100000000000000000e+02,7.583469544750873759e-01,7.864056528594345341e-01,7.895901662496052076e-01,7.855176305749412835e-01,8.088151150029512237e-01,7.867779523330973301e-01,8.177936781599237648e-01,8.039473368288622135e-01,7.991007599997977939e-01,8.106906592549141255e-01
1.110000000000000000e+02,7.723173187687878416e-01,7.856269848567202230e-01,7.947392729557595237e-01,7.795387979070704798e-01,7.963786343652585753e-01,7.985993219772759000e-01,8.037264953773173293e-01,8.143050231679790363e-01,7.925062417679960003e-01,8.169678620057239105e-01
1.120000000000000000e+02,7.788458150756836229e-01,7.917467559846252945e-01,7.893949674477660494e-01,7.822102033185803771e-01,7.921564299797634323e-01,8.034702215188781471e-01,8.042644118546578014e-01,7.999025928294616339e-01,7.895548787328928730e-01,8.347298195650122432e-01
1.130000000000000000e+02,7.860767889235436012e-01,7.927399306625819708e-01,7.922752074059060678e-01,7.907745637151419871e-01,7.996079891418897967e-01,8.026753564265762808e-01,7.948370297367584048e-01,7.987852514676569982e-01,8.131738744991034995e-01,8.375085577304715034e-01
1.140000000000000000e+02,7.929625831805076075e-01,7.888539349215866192e-01,7.979549601610516074e-01,8.094884734460860987e-01,7.973006372807217579e-01,8.044795441824620363e-01,7.923426808871374405e-01,8.032529325361640327e-01,8.051941658030925542e-01,8.072854501657336090e-01
1.150000000000000000e+02,8.220451148590475210e-01,7.934567507293637245e-01,7.937016269565054793e-01,8.249682711059185269e-01,7.955873696850142007e-01,8.094632122198497370e-01,7.988643670149853104e-01,8.034562887351217597e-01,8.087578705556804914e-01,8.014046939350425447e-01
1.160000000000000000e+02,8.074240749903631720e-01,8.014490326257531772e-01,7.944334947345093045e-01,8.475649013262479547e-01,8.199720116767771350e-01,8.229469670811846438e-01,7.972389741211273195e-01,8.033474802404082515e-01,8.237885604698048647e-01,8.170292345831258185e-01
1.170000000000000000e+02,8.125198180411423721e-01,8.049508359924025802e-01,8.169620807918196448e-01,8.364167122349529526e-01,8.230803201714497197e-01,8.315020772549661654e-01,8.100297228223987123e-01,7.944611528287535140e-01,8.320958473259965071e-01,8.213199944460913837e-01
1.180000000000000000e+02,7.901635227177635779e-01,8.098983007597947426e-01,8.107790434010228031e-01,8.461570082534191073e-01,8.186466011534887510e-01,8.221399357841061573e-01,8.029459093234059264e-01,8.146759235596586768e-01,8.135530095140834916e-01,8.365048182489998041e-01
1.190000000000000000e+02,7.898610225014853770e-01,7.999007284171685273e-01,8.261759378379510688e-01,8.334738910930605815e-01,8.204763273200101903e-01,8.131577665426167334e-01,8.078864172694968371e-01,8.405311654817060329e-01,8.211586728415880554e-01,8.353443921750057788e-01
1.200000000000000000e+02,8.019381542607675328e-01,8.148203382150682739e-01,8.397258175212314324e-01,8.305034890565222705e-01,8.157149595590145186e-01,8.036844495264302557e-01,8.157213027667247207e-01,8.696701895330187781e-01,8.209508803682344924e-01,8.390045850088322377e-01
1.210000000000000000e+02,7.956257290308940133e-01,8.119155971102787195e-01,8.248780171342469103e-01,8.476884197825571565e-01,8.117393060903109747e-01,8.080498777031568380e-01,8.302996816145897796e-01,8.815821354916634212e-01,8.348920448971377528e-01,8.489342498721683672e-01
1.220000000000000000e+02,7.884545627534713663e-01,8.197311974110412791e-01,8.058422714894240002e-01,8.362856719391092986e-01,8.232256300729134946e-01,8.351948133713664735e-01,8.363198156627495994e-01,8.495833785414838024e-01,8.531422401879235062e-01,8.300031669170950810e-01
1.230000000000000000e+02,8.094789768697590038e-01,8.250744251690216302e-01,8.332579269296452873e-01,8.423236538645246796e-01,8.109427834235962695e-01,8.434804201130330359e-01,8.278781466119488064e-01,8.391495042176864150e-01,8.222674045370883533e-01,8.478489829748901974e-01
1.240000000000000000e+02,8.283117315875158093e-01,8.306949400869527711e-01,8.199619707418930314e-01,8.324423441516131117e-01,8.190472246385379629e-01,8.337469258801138983e-01,8.171704865300055687e-01,8.348585953369436208e-01,8.124727163045705192e-01,8.495922635903181419e-01
1.250000000000000000e+02,8.246362866215142251e-01,8.302851242239042140e-01,8.148451094637133574e-01,8.406053705329371573e-01,8.437823336512124683e-01,8.228593359709062138e-01,8.150559902075797947e-01,8.447597752175332042e-01,8.164920112409198572e-01,8.382112680608333477e-01
1.260000000000000000e+02,8.338730157504701257e-01,8.138354831792463662e-01,8.224696634001082973e-01,8.300513706689212068e-01,8.197168511866275153e-01,8.385344544424224722e-01,8.288531680609223518e-01,8.409149958940336234e-01,8.406952618257184096e-01,8.337530674714624945e-01
1.270000000000000000e+02,8.326497307004302462e-01,8.141515769151098647e-01,8.216903575774374691e-01,8.321487988931277613e-01,8.250097463737928738e-01,8.460671679856393013e-01,8.236838972431635986e-01,8.598090156260866923e-01,8.753575605258673287e-01,8.179916679864950302e-01
1.280000000000000000e+02,8.264239362696971236e-01,8.400734393498250352e-01,8.188662481167960916e-01,8.339508815625652494e-01,8.528072273700416650e-01,8.466631512940153703e-01,8.412801009913559724e-01,8.551322817875780524e-01,8.567817626890450455e-01,8.367818637101989143e-01
1.290000000000000000e+02,8.245469702462869810e-01,8.423808573398090527e-01,8.220776593947618505e-01,8.439828645426489251e-01,8.720983521128665705e-01,8.380054187255264742e-01,8.164123203719541033e-01,8.475325882471139716e-01,8.464058043716675694e-01,8.286199475384228297e-01
1.300000000000000000e+02,8.337573384458591974e-01,8.442134123657190070e-01,8.389311679619412265e-01,8.453062988802522160e-01,8.667150060722713656e-01,8.343838038014134151e-01,8.458507611511830726e-01,8.534857603752955546e-01,8.416423474444062469e-01,8.468932424982170692e-01
1.310000000000000000e+02,8.261718734555294485e-01,8.532895212546185437e-01,8.542351062917491467e-01,8.696975277770986335e-01,8.605400010392004750e-01,8.506427208730638068e-01,8.345138712418173066e-01,8.367591580015526498e-01,8.462908331658786087e-01,8.468065661936030608e-01
1.320000000000000000e+02,8.322678013200593972e-01,8.516256547411045208e-01,8.407294136569408716e-01,8.524003776404575072e-01,8.544922198332901564e-01,8.460921255172006994e-01,8.566901688820600658e-01,8.396385895106531772e-01,8.419432665854833520e-01,8.398227265627357108e-01
1.330000000000000000e+02,8.476916121020096062e-01,8.589755886850619637e-01,8.518715147229223295e-01,8.571864672439314381e-01,8.469358638423990504e-01,8.710567121759555942e-01,8.215203353544078269e-01,8.519770488252754737e-01,8.431329192045524668e-01,8.528972583573450894e-01
1.340000000000000000e+02,8.505210131901327353e-01,8.568336716193206692e-01,8.493321602684874572e-01,8.516517791432152151e-01,8.428691947707791510e-01,8.446755812720401213e-01,8.255856458013977051e-01,8.530536820161238598e-01,8.477940938631924883e-01,8.654246435607435561e-01
1.350000000000000000e+02,8.512355049546366237e-01,8.597133594849939442e-01,8.385943257359421699e-01,8.449145277563813172e-01,8.444983234292579022e-01,8.366709564586104486e-01,8.052347445604265408e-01,8.534845033019976546e-01,8.613697838976877019e-01,8.598486777058121922e-01
1.360000000000000000e+02,8.579557084250220012e-01,8.578760001342123909e-01,8.459199146120927049e-01,8.544863372391962031e-01,8.435885728965653030e-01,8.482594867218171686e-01,8.209164699215300010e-01,8.622595014527105750e-01,8.802050147189834917e-01,8.614396745671658584e-01
1.370000000000000000e+02,8.495815532001609327e-01,8.414842164167314342e-01,8.450609021576834801e-01,8.447130269075426856e-01,8.593608374394843263e-01,8.472301882222834646e-01,8.443981030902145690e-01,8.597252241142487872e-01,8.740920238924001495e-01,8.446801758298561058e-01
1.380000000000000000e+02,8.599323905600572138e-01,8.489630198591324728e-01,8.147931747285493964e-01,8.465249465157154152e-01,8.547823935676671647e-01,8.486538391934397296e-01,8.648156496704457741e-01,8.614177286888666796e-01,9.005222664337224625e-01,8.497087423678829632e-01
1.390000000000000000e+02,8.560561513104898435e-01,8.639133823680891222e-01,8.434093943050455788e-01,8.461372952013462845e-01,8.624392128361509924e-01,8.643042943380983001e-01,8.808183530975824960e-01,8.583934026425236175e-01,9.026881031645629383e-01,8.816918818727893514e-01
1.400000000000000000e+02,8.379667834679885852e-01,8.632451198449940799e-01,8.221499447717194320e-01,8.317714774941584732e-01,8.639702611197312976e-01,8.590494115044269297e-01,8.582908875944668114e-01,8.654595893881735780e-01,8.930457793210774264e-01,9.029391452773500859e-01
1.410000000000000000e+02,8.477947046614608961e-01,8.728287067646134378e-01,8.332370043382517633e-01,8.526437974806784226e-01,8.738948089753237891e-01,8.473508644017911928e-01,8.638732036193415009e-01,8.788440895050078083e-01,8.694171479973095140e-01,8.952473222518264606e-01
1.420000000000000000e+02,8.591215399492657667e-01,8.814993798826445959e-01,8.575415756888317143e-01,8.561811466743829424e-01,8.495877028921652308e-01,8.555531514681495864e-01,8.576785533540940420e-01,8.698842913077919903e-01,8.227321718597450095e-01,8.814297343686312569e-01
1.430000000000000000e+02,8.417067197282556146e-01,8.848043083551677679e-01,8.569692501786357886e-01,8.611722799200620670e-01,8.587229608199168363e-01,8.535442484129316387e-01,8.402983763747494672e-01,8.763139384569399448e-01,8.465649299145324713e-01,8.671418891614278701e-01
1.440000000000000000e+02,8.502586904118581979e-01,8.830652340678231127e-01,8.454783560127376862e-01,8.568325815200912299e-01,8.640205178665201213e-01,8.380960078163159910e-01,8.638287697572135659e-01,8.745531593423185868e-01,8.396041306475515720e-01,8.634195080102367026e-01
1.450000000000000000e+02,8.632928448138134092e-01,8.758615274619693247e-01,8.456768134753849253e-01,8.358448309768858886e-01,8.733865884696697668e-01,8.716334525207709572e-01,8.585572064595728969e-01,8.833334465068606312e-01,8.578921441831486305e-01,8.663459800823586354e-01
1.460000000000000000e+02,8.612780254802666624e-01,8.759427770331444929e-01,8.555744361857027247e-01,8.373776395041654386e-01,8.698839563904569028e-01,8.735172054922714091e-01,8.492580338658687333e-01,8.822777938845292045e-01,8.606550194115401009e-01,8.633419817676246666e-01
1.470000000000000000e+02,8.586506141245197066e-01,8.791299203064925072e-01,8.520131525878416046e-01,8.556802675199148833e-01,8.810910681256493016e-01,8.591420868624153329e-01,8.817687107621813292e-01,8.907621913665343394e-01,8.794010119652334589e-01,8.700207417014735878e-01
1.480000000000000000e+02,8.754581863288095622e-01,8.719753805561657467e-01,8.510795004176031631e-01,8.504405827099354998e-01,8.844724829097895258e-01,8.746502462736003292e-01,8.891934278785329493e-01,8.845081259291189824e-01,9.007155703981200023e-01,8.750422158420543273e-01
1.490000000000000000e+02,8.651893683808292712e-01,8.825132621746849537e-01,8.447505503964325424e-01,8.394217147681042324e-01,8.735828069650271033e-01,8.989502417181715055e-01,9.099034506063496952e-01,8.677487692734831004e-01,8.813468440287435257e-01,8.707686247359249787e-01
1.500000000000000000e+02,8.647385130346372240e-01,8.766941988543631714e-01,8.684752172897903799e-01,8.342672767847298942e-01,8.705855361484721167e-01,8.971109710242561874e-01,8.874165381694101296e-01,8.593284817000668152e-01,8.812025503788504244e-01,8.924304496964221567e-01
1.510000000000000000e+02,8.716184683104535313e-01,8.698865166970787266e-01,8.776438039868343921e-01,8.361784544897018501e-01,8.753784794985228768e-01,8.887429183443444902e-01,8.750179497835020026e-01,8.620202249814121753e-01,8.903649047386611448e-01,8.756034032005530765e-01
1.520000000000000000e+02,8.679437187290759415e-01,8.878467293300810192e-01,8.721854388311381934e-01,8.688428692390276487e-01,8.594424659479178441e-01,8.789681584788571200e-01,8.666401961641927443e-01,8.454599151372834687e-01,8.845546477872009428e-01,9.042529651293470527e-01
1.530000000000000000e+02,8.579014885124529588e-01,8.870507389317048297e-01,8.551028714464450342e-01,8.580523943419713362e-01,8.808342750394336784e-01,8.528236582472239480e-01,8.828944747999422082e-01,8.419182251823362773e-01,8.972842928508212301e-01,8.977108688359175526e-01
1.540000000000000000e+02,8.608864680212189313e-01,8.872868371848863234e-01,8.599273740761429474e-01,8.623849156153029494e-01,8.660463078201294795e-01,8.622955311765482245e-01,8.990106074085781884e-01,8.650261445233106139e-01,9.042171066865588580e-01,8.999523093096361004e-01
1.550000000000000000e+02,8.572744623542124520e-01,8.783499421080618319e-01,8.685694371108289014e-01,8.657846307864272006e-01,8.582239989063221719e-01,8.659530732104890882e-01,8.817576876726629376e-01,8.754281675575551480e-01,8.889345279822089552e-01,8.739765449884486781e-01
1.560000000000000000e+02,8.919899865787417337e-01,8.892109210218499538e-01,8.747059412529291089e-01,8.680215314551409378e-01,8.541229056976089584e-01,8.876561983337595274e-01,8.812896870538198257e-01,8.676896109861328421e-01,8.957402841642625457e-01,8.902950329974045340e-01
1.570000000000000000e+02,8.838396564252413157e-01,8.969564113089472102e-01,8.691026424793463212e-01,8.737373895939140045e-01,8.592280223623882662e-01,8.983251838973750347e-01,8.879127856616019221e-01,8.695034020000338426e-01,8.862103179308975509e-01,8.966931069534288534e-01
1.580000000000000000e+02,8.892041866528195282e-01,8.914771408258772567e-01,8.732829964321944249e-01,9.003109905667227020e-01,8.666953905270494696e-01,8.933149100235378004e-01,8.742333704099103375e-01,8.817907115914552785e-01,8.683111954238829089e-01,8.919824943772581838e-01
1.590000000000000000e+02,8.658369742111753364e-01,8.848342872653048863e-01,8.898372689111117007e-01,8.840609241798393914e-01,8.817066089440379617e-01,8.828641066111823088e-01,8.811746322445680457e-01,8.588465254627954959e-01,8.884416868579625426e-01,9.028896400187882421e-01
1.600000000000000000e+02,8.697229788851117416e-01,8.855485063068634366e-01,8.950423733785223268e-01,8.953470334366663286e-01,8.779943110140351337e-01,8.613708482039410530e-01,8.884120642670157997e-01,8.810163795014934740e-01,8.854930631243250749e-01,8.958469371909867363e-01
1.610000000000000000e+02,8.654736700790126580e-01,8.925212721875637190e-01,8.797922418951719115e-01,8.964116584658283760e-01,8.787717548195814743e-01,8.826358731013173031e-01,8.890450564911830389e-01,8.978416701101489261e-01,8.927854347887149711e-01,8.804085557415606278e-01
1.620000000000000000e+02,8.802207005598742251e-01,8.738527852139787999e-01,8.786192848477705208e-01,8.783147723786470795e-01,8.992518675031438979e-01,8.793673819288846394e-01,9.007500619634745131e-01,8.844934574770002556e-01,8.773283728232307288e-01,8.694525023825858678e-01
1.630000000000000000e+02,8.679144305860250208e-01,8.821994338769585386e-01,8.891229866271397331e-01,8.852357791296745493e-01,8.925525793736381885e-01,8.880004969397615744e-01,8.902012502488666490e-01,9.016669476624773472e-01,8.892411115544623934e-01,8.415999105080862464e-01
1.640000000000000000e+02,8.569662766300003565e-01,8.947053237628456168e-01,8.748035067554141841e-01,8.960273239438965032e-01,8.939861466957401692e-01,8.855600361448375812e-01,8.731668997951194111e-01,8.965096421765001988e-01,9.043672850377749706e-01,8.745508020006497185e-01
1.650000000000000000e+02,8.652862370583335183e-01,8.691818463933955741e-01,8.862562311488323408e-01,9.046187879043738889e-01,9.124273976043542067e-01,8.970056863491304711e-01,8.763505707508871811e-01,8.828962524918504418e-01,8.898669411730326662e-01,8.724708505455309737e-01
1.660000000000000000e+02,8.830450431113971987e-01,8.799611557879932766e-01,8.566096742957387544e-01,9.028283379018372523e-01,8.855339270435862442e-01,9.150074348732679663e-01,8.776996314515512765e-01,8.786771969800136750e-01,8.752578462870728160e-01,8.812688324023009168e-01
1.670000000000000000e+02,8.817729199684979369e-01,8.746485383682888193e-01,9.040587518362258601e-01,8.838591480845188197e-01,9.086512779178381738e-01,9.038529230833776129e-01,8.783991551511434182e-01,8.704546837701709894e-01,8.844727043408214806e-01,8.761957219536945507e-01
1.680000000000000000e+02,8.701745493597214942e-01,8.991922304289821088e-01,8.976021251334405093e-01,8.796276094051529437e-01,9.079016417636935898e-01,8.945751356493417683e-01,8.715821855003245133e-01,8.891249449351112943e-01,8.876870973283577104e-01,9.037799845844352031e-01
1.690000000000000000e+02,8.881879194924664489e-01,9.106093266158236110e-01,9.127019856360873984e-01,8.868134004219421218e-01,9.087708074829509153e-01,8.938925988619146334e-01,8.806720031171355600e-01,9.094870229913059045e-01,8.903290764620581665e-01,9.040372808421539563e-01
1.700000000000000000e+02,8.807351731127056604e-01,9.053322717959572108e-01,8.795098505722107607e-01,8.786272599306693687e-01,9.136742580683911985e-01,8.709430383025065225e-01,8.607055151769327228e-01,9.131093743567187948e-01,8.709066615453933125e-01,9.042326429275295840e-01
1.710000000000000000e+02,8.818675018991966041e-01,9.080705165418757607e-01,8.753847132441547885e-01,8.930692198471934518e-01,8.940812621612991284e-01,8.879355675719062813e-01,8.738546291823713341e-01,8.897200416019626079e-01,8.791078563503553767e-01,8.959156979549456334e-01
1.720000000000000000e+02,9.027007360341979814e-01,9.095343507821167517e-01,8.667328796574821359e-01,8.993892552640460059e-01,8.938927069127851066e-01,9.061532810026106111e-01,8.899402062261063673e-01,9.123777651528597321e-01,8.870637341191015546e-01,9.111611799222615327e-01
1.730000000000000000e+02,8.970072896953883435e-01,9.214206339124475509e-01,8.633913484994701903e-01,8.941006491108417498e-01,8.858460042385649658e-01,9.286585074852556909e-01,9.056295639832059319e-01,9.022686075375887516e-01,8.934016730713855159e-01,8.990355580918096834e-01
1.740000000000000000e+02,8.666868644518668230e-01,9.019727013053250309e-01,8.825710137317852588e-01,9.160251958646151715e-01,9.002180145069094142e-01,9.302246620896257312e-01,8.956360550552051603e-01,9.109674114909716014e-01,9.036745986109009365e-01,9.116663657646345564e-01
1.750000000000000000e+02,8.813272766705132488e-01,9.003776673015323473e-01,9.021004585532151898e-01,9.066352049228789678e-01,8.939724031369550294e-01,9.204633053420125943e-01,8.969251467544893108e-01,8.902418940676006809e-01,9.138905630752734988e-01,9.046602029690291591e-01
1.760000000000000000e+02,8.857395756303168000e-01,9.177337672881724639e-01,8.945566884351980885e-01,8.930286746686719734e-01,8.900195949583180610e-01,9.133414687501284490e-01,8.825016054204593008e-01,8.908738720323297056e-01,9.345357615925372619e-01,9.145676222104869302e-01
1.770000000000000000e+02,-2.655332925415443412e-01,-2.798082077612388807e-01,-2.241503112754193450e-01,-2.886085577440236083e-01,-1.020913970392314518e-01,-2.981089358215361917e-01,-1.926408528928192365e-01,-2.730045261826864467e-01,-2.312478475688375945e-01,-1.899706902295306976e-01
1.780000000000000000e+02,-3.486400073761966589e-01,-3.844779734543949945e-01,-3.272434285869668669e-01,-4.011265174270340350e-01,-2.334981091393210362e-01,-4.080827268433609989e-01,-3.325978738696589998e-01,-4.005329300076845844e-01,-3.484668354993011308e-01,-3.615911558813599824e-01
1.790000000000000000e+02,-3.709657638241191102e-01,-4.354934258485630982e-01,-3.603683262403967191e-01,-4.392966459718000150e-01,-2.734607056793231794e-01,-4.424779252092150839e-01,-3.985870376088992972e-01,-4.473517103853693055e-01,-3.826944530782281917e-01,-3.704699702613895029e-01
1.800000000000000000e+02,-3.953604410935286362e-01,-4.403639850321162119e-01,-3.918132146076073741e-01,-4.523942438177236403e-01,-3.251134327216578801e-01,-4.704595737242356357e-01,-4.147989046121490775e-01,-4.732878198692530569e-01,-4.084604673592008295e-01,-4.124116262616202566e-01
1.810000000000000000e+02,-4.084897836032467811e-01,-4.733050820225478961e-01,-4.064021918035486958e-01,-4.552812401080136295e-01,-3.620872092744894521e-01,-4.689192723351736092e-01,-4.498217371411223908e-01,-4.855085293145172676e-01,-4.149495080331138119e-01,-4.078405182528688222e-01
1.820000000000000000e+02,-4.161993991528740722e-01,-4.974554616518365724e-01,-4.323049842197275727e-01,-4.598653463462583635e-01,-3.861832660054017596e-01,-4.839436554816214375e-01,-4.560630553359483197e-01,-5.063182746560517256e-01,-4.385707937114506905e-01,-4.177868914319481375e-01
1.830000000000000000e+02,-4.454315257538722372e-01,-5.103360629494083645e-01,-4.397463847816994731e-01,-4.896622839012675921e-01,-4.099335229136157333e-01,-4.966930992372476372e-01,-4.708722104986822754e-01,-4.992804039213081246e-01,-4.559317757684825945e-01,-4.366314427907293516e-01
1.840000000000000000e+02,-4.575395098143281158e-01,-4.968284407193935270e-01,-4.427516563450378806e-01,-5.143566888391364333e-01,-4.194177112835492660e-01,-5.119409876756895184e-01,-4.921201056895075920e-01,-5.101630958399563376e-01,-4.778598160593234279e-01,-4.624354928483372373e-01
1.850000000000000000e+02,-4.523201919982674513e-01,-5.092301478895102651e-01,-4.668405224845345591e-01,-5.197151388773177949e-01,-4.440392464967864439e-01,-5.109721231092709814e-01,-5.047734879179832657e-01,-5.271144585835768615e-01,-4.882541915282430089e-01,-4.664268116533258346e-01
1.860000000000000000e+02,-4.768603784791387024e-01,-5.187258737223091609e-01,-4.905064609654680163e-01,-5.471816847122912275e-01,-4.497382054477598312e-01,-5.207717162032092784e-01,-5.136763568066868846e-01,-5.468102431415635678e-01,-4.887258405010871387e-01,-4.731893262107858544e-01
1.870000000000000000e+02,-4.757793054194445759e-01,-5.397423457892702725e-01,-5.080826952715584710e-01,-5.480321891556541036e-01,-4.669089302308015443e-01,-5.172780918154666896e-01,-5.217757181095015184e-01,-5.555803332871669387e-01,-4.973446188923894562e-01,-4.836784669391048785e-01
1.880000000000000000e+02,-4.930192296825121612e-01,-5.557604352143832305e-01,-5.016931141961628038e-01,-5.639470346919119859e-01,-4.718432648676516017e-01,-5.489561222544425689e-01,-5.517552213239420578e-01,-5.615587106789583505e-01,-5.206359104911395530e-01,-5.057072180464720068e-01
1.890000000000000000e+02,-5.083695484318649926e-01,-5.612535281373509655e-01,-5.069595619350450999e-01,-5.797090670514758459e-01,-4.830278372084933491e-01,-5.604210268139662166e-01,-5.559094246343333490e-01,-5.680700818294169840e-01,-5.199868410566731436e-01,-5.258701939430203698e-01
1.900000000000000000e+02,-5.157223408037948653e-01,-5.686459130890612057e-01,-5.066335249948595854e-01,-5.792028087073692877e-01,-4.973955657590017898e-01,-5.607575547692171813e-01,-5.649266373882250170e-01,-5.712915158617133393e-01,-5.364691410876696320e-01,-5.362423949140094903e-01
1.910000000000000000e+02,-5.337415834879404297e-01,-5.791916018944313072e-01,-5.335351609829019903e-01,-5.762922634461303817e-01,-4.974290782974866154e-01,-5.766539231103158247e-01,-5.745494077115818055e-01,-5.721335120513784123e-01,-5.652797282020374237e-01,-5.556256877054015497e-01
1.920000000000000000e+02,-2.946311277470267109e-01,-3.112670793009012504e-01,-2.348455278280510705e-01,-3.185896234248757897e-01,-2.355812680044301055e-01,-3.171806328475815784e-01,-3.086578943168267752e-01,-3.163584893578107460e-01,-2.927362674350487137e-01,-3.042052225853882352e-01
1.930000000000000000e+02,-1.189039434310376481e-01,-1.375305640863334067e-01,-5.384667941233724914e-02,-1.406979757310656276e-01,-4.826505750352453467e-02,-1.369148227741792678e-01,-1.225127350283100325e-01,-1.608717450264237903e-01,-8.216722532114872912e-02,-1.223537468954711827e-01
1.940000000000000000e+02,7.946832614296430730e-01,8.418913450156144673e-01,7.982882347740055673e-01,7.761318097562839302e-01,7.830732738805190607e-01,8.189834018316691777e-01,7.931220588064791244e-01,7.804347129797264415e-01,8.420625085329515036e-01,7.850783515680743729e-01
1.950000000000000000e+02,8.015846691509848077e-01,8.517128198513901349e-01,8.305917533853717227e-01,8.064053545443294890e-01,8.237224707417556413e-01,8.000707138840994492e-01,8.442012195621557691e-01,7.841357311671968144e-01,8.284807731175878320e-01,8.238867586452037761e-01
1.960000000000000000e+02,7.013052271358957146e-01,7.588413095521728824e-01,7.205320700837092307e-01,7.089585570256682345e-01,7.240229868984785488e-01,7.164258198186594928e-01,7.318441202630197040e-01,7.045264385981516719e-01,7.181559503811824063e-01,7.170885657280193781e-01
1.970000000000000000e+02,6.245199856441250308e-01,6.823436940278659879e-01,6.556945784621179829e-01,6.412919427693554164e-01,6.567433815395313790e-01,6.536196752098855089e-01,6.699133214415909920e-01,6.457893465246732356e-01,6.560037075810611906e-01,6.548194420417011719e-01
1.980000000000000000e+02,5.825511639568121680e-01,6.225719041952049171e-01,6.127268532715126614e-01,5.869366344270029456e-01,6.082836464606856675e-01,5.900307157631199395e-01,6.056457253588269918e-01,5.743880047256799681e-01,6.144843807734605701e-01,6.101322255136687467e-01
1.990000000000000000e+02,5.292094194408407670e-01,5.805896713678270205e-01,5.731434708969270764e-01,5.425274655821208381e-01,5.768990780076392877e-01,5.580520179092218758e-01,5.774599947543369582e-01,5.118056490705811257e-01,5.819078211615966723e-01,5.667455974376938155e-01
2.000000000000000000e+02,5.018590131334255133e-01,5.413239506681489788e-01,5.435069857878858102e-01,5.148943644099592820e-01,5.561207295384460458e-01,5.256232896010206712e-01,5.547624617844059136e-01,5.119098028839861314e-01,5.386327863320234943e-01,5.225679038739309279e-01
2.010000000000000000e+02,4.900244588263801271e-01,5.014667308820979219e-01,5.276983631998791724e-01,4.843522738048215426e-01,5.326627714193437058e-01,5.147664700856611208e-01,5.396840633945697574e-01,4.785268321714101214e-01,5.157298112165842330e-01,4.985682533925633875e-01
2.020000000000000000e+02,4.924517421628099578e-01,4.859861444628575944e-01,5.113396017505944524e-01,4.749316615757139814e-01,5.100846371441341010e-01,4.792550371887568939e-01,5.206531011141284360e-01,4.541691026596971770e-01,5.052791931439983841e-01,4.958253396469802787e-01
2.030000000000000000e+02,4.708823921572909410e-01,4.668736105734561659e-01,5.101940662960717798e-01,4.523820275880504616e-01,4.986087238641503383e-01,4.532658043843350026e-01,4.949082613556493593e-01,4.318953234060357582e-01,4.990555391786503092e-01,4.963402937367251688e-01
2.040000000000000000e+02,4.672799378833858985e-01,4.573034320619129289e-01,4.836083556790432558e-01,4.305127125902981078e-01,4.898101398961168806e-01,4.487398990882180416e-01,4.835865848325939242e-01,4.105426013705648636e-01,4.772584049269879003e-01,4.727751332160738396e-01
2.050000000000000000e+02,4.500587235530233987e-01,4.596602022830322265e-01,4.626680360692185801e-01,4.405777906207738459e-01,4.665900617912902004e-01,4.186261633515510061e-01,4.518434993999885796e-01,4.101467089384580045e-01,4.613530525120738135e-01,4.576761920470902578e-01
2.060000000000000000e+02,4.338850100678553479e-01,4.680337002177307193e-01,4.781320693554308443e-01,4.441316663480515681e-01,4.687963208691784400e-01,4.125911755333152020e-01,4.699191968383226725e-01,4.027282406137665527e-01,4.403509230168877187e-01,4.635897459969683387e-01
2.070000000000000000e+02,4.244086968540193294e-01,4.472744233101997868e-01,4.635991639967768085e-01,4.390300331889694929e-01,4.576435917346168836e-01,3.945828425560386488e-01,4.625041355275065769e-01,4.092925296331279550e-01,4.471771994658524929e-01,4.554766203561806392e-01
2.080000000000000000e+02,4.160744371825695898e-01,4.220582608573124617e-01,4.644538352973320849e-01,4.311667089594900526e-01,4.443095613557529466e-01,3.917325026257519882e-01,4.494733045392856896e-01,4.108373119302820564e-01,4.393311251962367936e-01,4.357956320005134110e-01
2.090000000000000000e+02,3.914451793104756216e-01,4.149546824806439882e-01,4.452116893813949927e-01,4.146029811006542998e-01,4.383381700101861567e-01,3.876586023690891669e-01,4.426945786360878543e-01,3.999004765283594165e-01,4.586851938963955044e-01,4.261944205222493176e-01
2.100000000000000000e+02,4.048962845673685917e-01,4.095589566844037854e-01,4.468031001500792354e-01,4.200983629132344355e-01,4.339009736819912644e-01,3.943535473873476249e-01,4.369091487726096124e-01,3.913200054775340941e-01,4.470849535872340463e-01,4.311174760514437376e-01
2.110000000000000000e+02,3.971531959513299737e-01,4.136820564527920463e-01,4.295331704383394955e-01,4.112407589325222657e-01,4.481312361068857664e-01,3.910283747054125181e-01,4.293020270439657504e-01,3.875222112707649158e-01,4.379111227442894494e-01,4.371221497009402102e-01
2.120000000000000000e+02,3.926788009267129786e-01,4.149602424352223373e-01,4.126637407249675316e-01,4.078679994835395783e-01,4.410574042342172985e-01,4.017566305280183547e-01,4.184091796131288454e-01,3.930290016595977542e-01,4.350999116997355531e-01,4.194776394794916818e-01
2.130000000000000000e+02,3.963549830858747458e-01,4.101646433905727918e-01,4.075546476385057959e-01,4.031469155799943249e-01,4.315556751411674941e-01,4.136556553911105993e-01,4.035831971905112781e-01,3.912237644086505872e-01,4.364757429413047563e-01,4.192773245374041835e-01
2.140000000000000000e+02,4.016199122625191964e-01,4.163102298778425525e-01,4.008382167763471782e-01,3.985078332216521746e-01,4.223369083525161938e-01,4.109291506894219848e-01,3.929223136586623699e-01,3.866488869892855673e-01,4.307964522740977964e-01,4.107712266812520996e-01
2.150000000000000000e+02,3.988496909298800963e-01,4.021130113745710055e-01,4.095006587132930531e-01,3.858040090682286483e-01,4.241675715895622534e-01,4.017319037377555802e-01,3.941096355626368397e-01,3.827565906458297862e-01,4.140317008185425141e-01,4.070165932424963939e-01
2.160000000000000000e+02,3.820261112821721206e-01,3.989450460280768995e-01,4.137731286319982216e-01,3.757830145821533518e-01,4.157230107192659285e-01,3.828824712125694085e-01,3.944880326191373965e-01,3.811570209810923315e-01,4.167818359548606244e-01,4.005496412144706753e-01
2.170000000000000000e+02,3.883510949516702504e-01,3.905643986181529526e-01,4.120992600779113113e-01,3.689217593805437234e-01,4.095477027395807990e-01,3.896568600698753770e-01,3.940062453304465362e-01,3.822996540485589234e-01,4.086349994249860451e-01,3.958605054127518619e-01
2.180000000000000000e+02,3.770490148763637750e-01,3.980368841719764128e-01,4.100634544511559954e-01,3.614868676871964004e-01,4.128322133589198972e-01,3.804808292958871685e-01,3.921575291514045047e-01,3.743557433426308312e-01,3.923260438897491764e-01,3.955184806251260121e-01
2.190000000000000000e+02,3.688269367605944149e-01,3.924125649990138354e-01,4.076900487664418260e-01,3.683576932170050666e-01,3.989040378024348854e-01,3.768931627589756084e-01,3.844839309675051053e-01,3.809189930130537638e-01,3.839659541402172804e-01,3.876726986607428871e-01
2.200000000000000000e+02,3.613392932940217017e-01,3.935371032107161104e-01,4.139371330477231714e-01,3.702796026067946555e-01,4.087640061443398309e-01,3.646999423411784180e-01,3.893932784790628543e-01,3.831350200459690547e-01,3.808568574112101146e-01,3.736280612795471190e-01
2.210000000000000000e+02,3.706870575630915043e-01,3.871507556408232409e-01,3.959794674809476445e-01,3.711955006649225730e-01,4.011758347807281022e-01,3.762188940426228756e-01,3.824803387065928151e-01,3.665248853347083391e-01,3.855025456995101463e-01,3.757132670656556095e-01
2.220000000000000000e+02,3.760222001368914158e-01,3.796113553931868556e-01,3.853281238306558998e-01,3.629761359952942135e-01,4.021684289411132096e-01,3.685464081857200980e-01,3.918019203849977261e-01,3.590046742960683046e-01,3.748839087943842685e-01,3.630970212055583124e-01
2.230000000000000000e+02,3.595355896186056555e-01,3.713786287197091140e-01,3.725734779389809903e-01,3.560342111557847078e-01,3.983073199486019123e-01,3.636279763984459068e-01,3.810050969273951482e-01,3.550020252459687997e-01,3.773802262573134891e-01,3.688984969899741784e-01
2.240000000000000000e+02,3.586035989841108163e-01,3.807673543686987405e-01,3.666073041267033927e-01,3.677971273820362930e-01,3.804040177060634131e-01,3.554254773449823102e-01,3.773849579455758607e-01,3.462123222476118367e-01,3.757583843434516013e-01,3.674506414236563545e-01
2.250000000000000000e+02,3.520035439410688083e-01,3.755880250438288215e-01,3.644533399014505681e-01,3.619035706283721399e-01,3.877588714962533212e-01,3.444787098298554562e-01,3.718375683121653008e-01,3.424060244370243922e-01,3.737013764008610961e-01,3.625172352332644565e-01
2.260000000000000000e+02,3.470155989878881408e-01,3.720284008606148385e-01,3.622485696496550167e-01,3.494230135796158043e-01,3.810219295458693312e-01,3.375665814997877989e-01,3.643311919498189999e-01,3.505344429957536478e-01,3.690436802295622987e-01,3.552750828806470196e-01
2.270000000000000000e+02,3.320456472291161698e-01,3.741218665756919082e-01,3.681445543420436284e-01,3.440792987275663739e-01,3.792962701803385128e-01,3.428941637434974044e-01,3.653863599666797302e-01,3.514619131477884073e-01,3.521360584116051129e-01,3.473916548206028576e-01
2.280000000000000000e+02,3.376590614085598907e-01,3.756146247600521404e-01,3.623101480941022245e-01,3.489544786584724001e-01,3.762296592960219233e-01,3.435847054203874373e-01,3.636044819104898851e-01,3.325751418041946739e-01,3.482896989372440966e-01,3.475692404641143041e-01
2.290000000000000000e+02,3.209150840415959105e-01,3.764349288604198485e-01,3.577863990765507429e-01,3.448953726324887059e-01,3.833978598483671063e-01,3.437429945566764511e-01,3.623523791607990985e-01,3.322035416415032860e-01,3.463114059860603611e-01,3.412477303125557304e-01
2.300000000000000000e+02,3.269087580580388730e-01,3.654947406559018175e-01,3.620349315322999861e-01,3.268440276072869244e-01,3.864209262119143728e-01,3.511147005744283955e-01,3.575331682475423878e-01,3.327279761304935968e-01,3.405945818614851683e-01,3.473530303690686716e-01
2.310000000000000000e+02,3.324909743884057467e-01,3.610101346171078474e-01,3.652198028456308254e-01,3.172626669179556824e-01,3.686869262885189014e-01,3.428384361562412663e-01,3.608178743438493208e-01,3.268334676263214278e-01,3.358750878575827437e-01,3.374809287027929483e-01
2.320000000000000000e+02,3.330793679315240396e-01,3.535484518053595981e-01,3.494042629506546316e-01,3.204352734195971553e-01,3.679619331194772802e-01,3.369293507590725989e-01,3.524020096925188361e-01,3.238394043581409587e-01,3.407170668067459607e-01,3.465522063064633840e-01
2.330000000000000000e+02,3.333579700008412749e-01,3.509374834469390358e-01,3.439012238999708537e-01,3.178014946672299557e-01,3.672555141555978175e-01,3.380044400991349951e-01,3.473775460803358306e-01,3.241554198015653143e-01,3.292646704494837095e-01,3.345641650931131528e-01
2.340000000000000000e+02,3.312389990120112038e-01,3.581615847876120640e-01,3.462480240706230505e-01,3.200298477924265472e-01,3.643563010927623469e-01,3.361186060872882742e-01,3.475939003530670313e-01,3.231920286965500599e-01,3.344090405452200265e-01,3.385177606778305703e-01
2.350000000000000000e+02,3.233026366413120911e-01,3.549274622131208257e-01,3.440841379940438594e-01,3.155493649243876209e-01,3.617054065575020516e-01,3.308902558916810288e-01,3.386613049998116187e-01,3.310954836635768284e-01,3.440803156714147271e-01,3.343587262755137735e-01
2.360000000000000000e+02,3.111786528421599529e-01,3.423358668788091808e-01,3.390140093617287631e-01,3.267062492894864389e-01,3.679279039844581267e-01,3.354187115844896039e-01,3.340197708284601275e-01,3.230786971187634693e-01,3.408994007029059192e-01,3.311117322173185440e-01
2.370000000000000000e+02,3.183848669834911105e-01,3.324000744221414227e-01,3.332647625195551688e-01,3.287020120223069775e-01,3.691487770301356552e-01,3.284260655264717443e-01,3.360510679500745557e-01,3.198762779664813261e-01,3.337982436419871801e-01,3.375343431146679007e-01
2.380000000000000000e+02,3.123125205880452615e-01,3.234442522924778629e-01,3.432287553715035466e-01,3.316988127973737877e-01,3.665719759404189038e-01,3.216925479123264320e-01,3.301652427562779546e-01,3.204580810472822394e-01,3.348924249600413461e-01,3.315735108850892954e-01
2.390000000000000000e+02,3.221225734548397446e-01,3.214837247407617560e-01,3.311758388075562998e-01,3.291035363903091482e-01,3.601581798130641388e-01,3.146077329294879599e-01,3.287370243685846516e-01,3.215349466343810358e-01,3.237354210183769898e-01,3.304428781716702845e-01
2.400000000000000000e+02,3.058634886547470511e-01,3.182686795698020377e-01,3.347862641833850295e-01,3.314121617352631111e-01,3.533063945396279215e-01,3.104588914288101131e-01,3.373209478728363964e-01,3.117671912205379758e-01,3.264500311240448593e-01,3.334280877595443560e-01
2.410000000000000000e+02,3.059863565133597030e-01,3.150765391238693480e-01,3.276395515731892472e-01,3.267255320914589367e-01,3.478757993948407012e-01,3.123030334986954815e-01,3.314537451184565442e-01,3.088455803826764545e-01,3.250439850668677133e-01,3.312479027335817894e-01
2.420000000000000000e+02,3.047055339094887905e-01,3.119949386167996108e-01,3.241618624191280884e-01,3.272555849636014647e-01,3.366724213878220517e-01,3.130513924329159647e-01,3.180084309921134000e-01,3.072923092916645116e-01,3.285554150690215836e-01,3.295645013451550809e-01
2.430000000000000000e+02,3.051438595518897734e-01,3.076456209487185012e-01,3.253049512314586389e-01,3.262875451057558052e-01,3.414422001079452373e-01,3.142281126962176985e-01,3.081895196316070118e-01,3.075985521264781308e-01,3.218597107464279405e-01,3.275623902077144378e-01
2.440000000000000000e+02,3.023342321308047920e-01,3.084101959585939801e-01,3.252365180655679699e-01,3.194504795383017459e-01,3.435474150623603617e-01,3.030752185857590875e-01,3.097346427724607110e-01,3.040604973375550246e-01,3.098315135605816950e-01,3.172871070015919059e-01
2.450000000000000000e+02,3.055970464296148270e-01,3.059384237629605430e-01,3.280858699245716714e-01,3.128145052163495698e-01,3.444547532796751743e-01,3.050955631707708560e-01,3.051540341972048820e-01,3.022285075940510657e-01,3.076743289193594189e-01,3.174644274067534577e-01
2.460000000000000000e+02,2.974067132437731020e-01,3.079914952714425946e-01,3.248824624716567522e-01,3.151575469557000853e-01,3.375670444443087947e-01,3.157248559390944398e-01,3.077933161066866985e-01,2.921122482414652000e-01,3.090022488157769809e-01,3.160943451812174843e-01
2.470000000000000000e+02,3.015941277813668497e-01,3.073854191019504967e-01,3.189485120023744513e-01,3.131624795245258608e-01,3.441180271932220425e-01,3.174712620711580002e-01,3.074188548822890943e-01,2.905619923905476409e-01,3.144609315848970743e-01,3.098765352717814947e-01
2.480000000000000000e+02,2.950360334314140465e-01,3.020050814028674702e-01,3.116240639088612707e-01,3.084993651546095728e-01,3.358344159626877046e-01,3.138474061455623354e-01,3.074917873709092087e-01,2.898821255875339009e-01,3.142958393722946053e-01,3.074516011078058941e-01
2.490000000000000000e+02,2.954364950848972771e-01,3.093107227261901460e-01,3.076586110672202001e-01,3.190214596730285845e-01,3.323250172970856342e-01,3.109167023619144876e-01,3.053678871268065143e-01,2.965311085370541666e-01,3.120209817458234891e-01,2.978429830015046353e-01
2.500000000000000000e+02,2.954029715241053844e-01,3.105995396224933147e-01,3.055530647588767246e-01,3.178110567301630218e-01,3.322853897295575676e-01,3.002233409054562152e-01,3.077320870295484623e-01,2.995897317249622827e-01,3.121062567249739406e-01,2.978806038967881653e-01
2.510000000000000000e+02,2.901571405058093189e-01,3.062294495085471913e-01,2.957585822236927231e-01,3.189308117155971178e-01,3.345210358445521170e-01,2.922622432666079351e-01,3.080851761535902678e-01,2.970958196063385182e-01,3.084147206021509158e-01,2.963731196167154747e-01
2.520000000000000000e+02,2.829976997427653962e-01,3.007642698404379145e-01,2.969714931243329081e-01,3.179119807512558182e-01,3.301710076760644985e-01,2.984179890644295119e-01,3.053048244916198306e-01,2.934797506509155829e-01,3.082028884976659167e-01,2.962680744421328227e-01
2.530000000000000000e+02,2.922855155455367782e-01,3.091249959510792844e-01,2.978297051038191201e-01,3.147711665283092208e-01,3.264572375899952861e-01,2.971708966290581566e-01,3.057327590640440684e-01,2.883000972935453876e-01,3.066035982026623086e-01,3.014397963186066787e-01
2.540000000000000000e+02,2.921451649282157392e-01,3.069758870801425621e-01,3.033260829078808785e-01,3.078717085900253836e-01,3.307251461428429851e-01,2.944392070656245419e-01,3.088227397527571472e-01,2.884507888795026509e-01,2.976373757683709043e-01,2.973159611838635530e-01
2.550000000000000000e+02,2.890684660688562224e-01,3.089044327782933808e-01,2.956488374731983115e-01,3.043759839928399935e-01,3.316857283388391364e-01,2.898026960868125279e-01,3.060706293495514818e-01,2.909158225804192033e-01,2.967225573224591684e-01,2.975408989278341965e-01
2.560000000000000000e+02,2.838792373001560732e-01,3.062444994754235372e-01,2.950629223490234265e-01,2.996954966784592389e-01,3.285378439774057080e-01,2.883409080806365599e-01,3.146329977883441376e-01,2.922754079518407044e-01,2.963945074228459542e-01,2.946001485656176699e-01
2.570000000000000000e+02,2.798521889643723060e-01,3.098765419236297891e-01,2.871371881976899632e-01,2.958681962304507418e-01,3.307749139457326626e-01,2.997079779020513923e-01,3.045784323234008162e-01,2.841504802462075929e-01,2.950029490244954755e-01,2.941836975929290610e-01
2.580000000000000000e+02,2.818915476463683123e-01,3.142891985210299888e-01,2.850138417430861382e-01,2.869822935151796761e-01,3.298314340289894564e-01,2.932499537328365768e-01,3.037965099305510175e-01,2.812591459256238435e-01,2.975074587825659589e-01,2.893404988404141287e-01
2.590000000000000000e+02,2.786230263517719408e-01,3.187781639838428438e-01,2.802639573015780483e-01,2.869007523828154271e-01,3.225453652535054117e-01,2.964506714754809868e-01,3.026944528147237912e-01,2.805511676358208306e-01,2.942355322932664885e-01,2.931162477087990714e-01
2.600000000000000000e+02,2.783018000646381718e-01,3.161670456584375066e-01,2.821430576336588780e-01,2.855807299631066831e-01,3.252917180947111353e-01,2.965225134144407471e-01,3.007800367994791779e-01,2.771083714194676473e-01,2.906867335247923512e-01,2.904380705917642413e-01
2.610000000000000000e+02,2.736053537784371992e-01,3.137230653147143888e-01,2.840480654282130368e-01,2.916089816970314219e-01,3.203238630212388860e-01,2.927486958920297311e-01,2.916727883122723353e-01,2.835495748535065141e-01,2.895254727696220387e-01,2.892869653779869821e-01
2.620000000000000000e+02,2.694879367078023003e-01,3.070913957297966013e-01,2.870444666038832748e-01,2.984822424738624580e-01,3.175314921868743201e-01,2.890354911208320998e-01,2.962759903416404828e-01,2.832964151214146242e-01,2.909145844550214410e-01,2.907044719426087331e-01
2.630000000000000000e+02,2.650359801227278878e-01,3.060041891464796437e-01,2.844462212405530210e-01,2.945719179318420644e-01,3.192865397614870759e-01,2.867113914292908627e-01,2.974336237339366140e-01,2.741759874229738880e-01,2.808972386282541089e-01,2.930510430083258511e-01
2.640000000000000000e+02,2.697169824996223375e-01,3.015671162280774142e-01,2.824600299115392343e-01,2.920051076166262916e-01,3.187460190434492358e-01,2.830725796550543905e-01,3.002064145649535609e-01,2.772280173236020828e-01,2.812629651707166945e-01,2.931912926551518694e-01
2.650000000000000000e+02,2.714525594689390919e-01,2.984295151876801278e-01,2.832683460571624456e-01,2.859414583068001781e-01,3.153234267736610419e-01,2.858160720295311874e-01,2.920480099254803008e-01,2.775700101048924617e-01,2.817229817115478041e-01,2.876021962186202652e-01
2.660000000000000000e+02,2.692160037654346416e-01,2.972999945253537724e-01,2.870355704518282036e-01,2.875578165351428961e-01,3.073449564372909282e-01,2.816012834251666042e-01,2.905935830830321254e-01,2.748266359255301383e-01,2.832524854140861525e-01,2.948380367244659017e-01
2.670000000000000000e+02,2.662422826897928307e-01,2.946762686623019545e-01,2.876793338948803735e-01,2.886100815315107981e-01,3.062385292567821327e-01,2.813542835834644817e-01,2.870806741548924679e-01,2.807127762365119183e-01,2.783736514454476230e-01,2.912562398071556480e-01
2.680000000000000000e+02,2.632294392618506063e-01,2.931390043437861470e-01,2.855825962467032908e-01,2.920336556892443869e-01,3.064038188328695456e-01,2.783779709567208438e-01,2.886066168091204753e-01,2.791300076395728524e-01,2.837872812950529844e-01,2.881145090826857103e-01
2.690000000000000000e+02,2.691503063580365507e-01,3.008362368608802351e-01,2.902659191180519405e-01,2.981203767631107615e-01,3.017170340829260500e-01,2.816259456296218433e-01,2.862117738638011444e-01,2.801667211934334434e-01,2.853921902200232119e-01,2.937722724787604767e-01
2.700000000000000000e+02,2.680804214083182258e-01,2.915640797327134215e-01,2.830996945809653997e-01,2.903720949953240704e-01,3.042128214920475360e-01,2.831520412733198877e-01,2.845594490131614362e-01,2.760633318028223315e-01,2.895955399704122080e-01,2.920641139666969033e-01
2.710000000000000000e+02,2.751783374215537870e-01,2.932803636018475046e-01,2.807677589638414295e-01,2.893303975564464614e-01,3.157748942104099399e-01,2.811216315083213124e-01,2.877475229933015299e-01,2.687331608906028957e-01,2.900564259344600160e-01,2.953260895147712950e-01
2.720000000000000000e+02,2.704420920420341767e-01,2.929371712526606664e-01,2.820668248515819099e-01,2.839098555213571129e-01,3.119700127017205338e-01,2.798461531198587759e-01,2.875677527072575401e-01,2.751631124589765109e-01,2.912006458731190572e-01,2.869217854112217081e-01
2.730000000000000000e+02,2.660367272608941125e-01,2.875527838204953168e-01,2.810810310944542034e-01,2.847875280321478519e-01,3.055579165423236154e-01,2.776236902214526681e-01,2.838083535928865864e-01,2.767431403386437228e-01,2.881490325428088251e-01,2.904062616633082405e-01
2.740000000000000000e+02,2.653658763887228877e-01,2.839680700959011372e-01,2.892801699098117574e-01,2.805403732715579523e-01,3.085936716543954961e-01,2.764791815238443196e-01,2.844917559473433277e-01,2.773102424600967231e-01,2.879084981619274286e-01,2.792923092382672001e-01
2.750000000000000000e+02,2.665371290463894316e-01,2.842721836921376921e-01,2.872676585388238557e-01,2.812864530316869782e-01,3.049613659760660456e-01,2.812124779488004434e-01,2.859415063250351219e-01,2.735069916244806110e-01,2.877335917135968590e-01,2.756494945321811274e-01
2.760000000000000000e+02,2.615764340020937384e-01,2.864949178571961075e-01,2.809401579006806093e-01,2.757398898941358922e-01,3.001827940617439738e-01,2.808525901556303550e-01,2.803072190581096801e-01,2.725833885808772172e-01,2.825719598504862762e-01,2.772158907776708370e-01
2.770000000000000000e+02,2.628352323619526087e-01,2.843250213689325623e-01,2.863585782330103635e-01,2.813195617938651361e-01,3.064254057552350252e-01,2.794614546166407365e-01,2.793035921136781674e-01,2.736862036720196789e-01,2.773262918648120579e-01,2.761907503948365372e-01
2.780000000000000000e+02,2.625629718573695426e-01,2.790080012060237591e-01,2.818966285939704663e-01,2.805691984593767785e-01,3.044040911436364238e-01,2.809192166460802165e-01,2.771347017610520935e-01,2.728477720114407257e-01,2.767503136042003264e-01,2.756199106004933452e-01
2.790000000000000000e+02,2.578942660569073508e-01,2.782824146835566337e-01,2.825729361719305777e-01,2.861134813134846855e-01,3.072664767619384119e-01,2.852484950003700281e-01,2.753546363034254929e-01,2.733278465339576968e-01,2.785371141734074296e-01,2.708972026016717716e-01
2.800000000000000000e+02,2.639000649310141444e-01,2.813074015264243610e-01,2.875050195329612035e-01,2.866437398515574997e-01,2.973156396786126310e-01,2.797765798510674085e-01,2.808279902992817934e-01,2.696258839147145370e-01,2.773517211550196593e-01,2.779945334451184857e-01
2.810000000000000000e+02,2.655741734364469586e-01,2.860521523252349541e-01,2.834351134234913694e-01,2.853181444869837824e-01,3.049661473245717236e-01,2.768336442530376917e-01,2.723689069515394245e-01,2.738968082880523514e-01,2.779655684751236588e-01,2.795743553858453523e-01
2.820000000000000000e+02,2.698343433446694917e-01,2.791693738955239312e-01,2.789792559615719703e-01,2.857983518594887640e-01,3.018531043571429096e-01,2.706261839139726955e-01,2.716014716709915233e-01,2.720675031228401708e-01,2.691569541487701112e-01,2.796908523237385813e-01
2.830000000000000000e+02,2.688409906434588437e-01,2.801423216023893326e-01,2.802077303942382414e-01,2.841104003415153012e-01,3.041764409162595606e-01,2.670238466857998705e-01,2.777363194232559396e-01,2.697626044874633644e-01,2.751214490825897308e-01,2.787390130130742993e-01
2.840000000000000000e+02,2.628970417385341207e-01,2.807305536707229709e-01,2.762616733333596586e-01,2.887552167037066297e-01,2.998491547540688140e-01,2.710884141733284625e-01,2.730781288053613087e-01,2.604873262618164209e-01,2.723430998332651010e-01,2.772917039943337270e-01
2.850000000000000000e+02,2.635754015506593384e-01,2.834016034703313869e-01,2.722057008755195406e-01,2.870316568304618898e-01,3.055411346958114560e-01,2.700105882132012303e-01,2.718545489867773002e-01,2.606250959573336301e-01,2.745001004922999477e-01,2.798709927427974198e-01
2.860000000000000000e+02,2.660025534958917470e-01,2.829148017369167989e-01,2.723927858178664119e-01,2.838325024889552517e-01,3.053167855299828704e-01,2.685858185074399551e-01,2.758172271407878240e-01,2.608375413373457685e-01,2.683803357236872467e-01,2.804005448011299695e-01
2.870000000000000000e+02,2.588348187468174633e-01,2.864805416081085410e-01,2.705607142461681214e-01,2.883600764402766137e-01,3.064978896288436672e-01,2.663877295039235316e-01,2.763208835209082781e-01,2.577467451956372835e-01,2.711223457603447740e-01,2.797773205644098482e-01
2.880000000000000000e+02,2.576632339229075197e-01,2.786327118456586871e-01,2.632650233733527800e-01,2.745801031814553705e-01,3.052267771335442914e-01,2.704525112541747989e-01,2.790919124256160400e-01,2.607343263944552070e-01,2.645722376961144873e-01,2.848282179023670091e-01
2.890000000000000000e+02,2.588508078185967065e-01,2.744457458616729739e-01,2.596729416054669448e-01,2.758483570878022539e-01,2.982926681044958395e-01,2.650729501574443647e-01,2.815970263870024581e-01,2.578298000287883029e-01,2.629375081097349853e-01,2.748678788663589945e-01
2.900000000000000000e+02,2.576460554469380826e-01,2.730152437110806019e-01,2.637595420005025559e-01,2.662254480842695670e-01,3.041869370052026067e-01,2.711079250682474351e-01,2.799217060267578661e-01,2.635710434125641544e-01,2.662593837503990923e-01,2.728946984762284367e-01
2.910000000000000000e+02,2.571047838998153923e-01,2.713655786161811023e-01,2.706982326217496349e-01,2.705654772339241565e-01,3.070753167085101820e-01,2.652610954118212461e-01,2.810873677402280224e-01,2.713859108773871709e-01,2.632263754010443768e-01,2.711705003663090752e-01
2.920000000000000000e+02,2.636540258752272381e-01,2.747121406085788475e-01,2.672761773774890992e-01,2.721018009111442204e-01,3.121802302099293547e-01,2.666919885057459916e-01,2.761284966909107741e-01,2.702741460937426732e-01,2.721191182661156782e-01,2.722433274253278634e-01
2.930000000000000000e+02,2.597417099314268674e-01,2.717328872556697417e-01,2.661462858212848004e-01,2.690393193347668244e-01,3.080912119628794743e-01,2.708777391489847197e-01,2.738530043810027959e-01,2.619772228797218050e-01,2.733195776812899491e-01,2.768947156022200096e-01
2.940000000000000000e+02,2.556157026225815421e-01,2.731483957037356691e-01,2.715523284035700202e-01,2.657852233581863288e-01,2.971744894658355785e-01,2.648426243579624639e-01,2.730204781420462190e-01,2.597660575032130215e-01,2.661396250481641301e-01,2.689767174379279480e-01
2.950000000000000000e+02,2.519359177886393297e-01,2.742328785846052108e-01,2.733559791024684493e-01,2.661078619183515070e-01,3.019835827556691110e-01,2.698453409115927348e-01,2.763941792365819938e-01,2.639899106596087508e-01,2.671541162773113376e-01,2.678027426908013431e-01
2.960000000000000000e+02,2.616961653067028659e-01,2.729233223517460449e-01,2.729590400621521584e-01,2.622133146669859416e-01,2.982026443935287263e-01,2.683903021589836291e-01,2.756649303063941625e-01,2.659472265596795060e-01,2.759549289802588068e-01,2.696678790793310410e-01
2.970000000000000000e+02,2.619613834110379180e-01,2.761438944789481598e-01,2.671611220824761657e-01,2.711441263403383539e-01,3.040143709886355405e-01,2.699975664058091862e-01,2.824399287029800698e-01,2.708833845954118358e-01,2.752727033080523689e-01,2.732078503517533230e-01
2.980000000000000000e+02,2.653368055001537607e-01,2.704401263745591644e-01,2.686871285502699935e-01,2.756309553708661819e-01,3.073512196970857313e-01,2.697902130115757968e-01,2.756903243971543516e-01,2.729689738031090274e-01,2.769722275736373751e-01,2.728659059286738242e-01
2.990000000000000000e+02,2.568162523962196908e-01,2.631764190516543978e-01,2.719831667688454302e-01,2.774484724531465774e-01,3.045236593892352572e-01,2.673365358421944116e-01,2.735911398864016020e-01,2.725291216089181789e-01,2.722247970881663814e-01,2.728280558693437774e-01
3.000000000000000000e+02,2.595787041158875708e-01,2.667629499168165386e-01,2.665238617691313427e-01,2.812437230784859410e-01,3.045422067694569246e-01,2.651904467157940037e-01,2.712432416067233065e-01,2.685413290095119976e-01,2.733914692896676213e-01,2.637240562270279365e-01
3.010000000000000000e+02,2.589110990510117283e-01,2.733571053402595874e-01,2.693301858065235144e-01,2.835266854281219828e-01,3.048561265893239280e-01,2.658109632754960261e-01,2.675761793389785370e-01,2.649235113977758127e-01,2.689221247848860297e-01,2.624330960512989419e-01
3.020000000000000000e+02,2.517157044277614775e-01,2.740277785491557205e-01,2.673643159609747078e-01,2.791383770969004807e-01,3.065418112855158861e-01,2.660993334689098488e-01,2.688368961189498973e-01,2.654040785971686356e-01,2.630584624543129135e-01,2.688272694729771928e-01
3.030000000000000000e+02,2.501651688481034141e-01,2.716646538122121646e-01,2.682833665609305474e-01,2.775571465547838068e-01,3.016467419817340234e-01,2.669791039122056397e-01,2.699034229902601556e-01,2.627713129145151649e-01,2.690220420111497091e-01,2.721489872767128837e-01
3.040000000000000000e+02,2.461711293293492309e-01,2.764411758852196588e-01,2.631038805802842218e-01,2.789317465258239204e-01,2.978179094787926640e-01,2.685769018764425087e-01,2.737252335195404229e-01,2.568000553439814260e-01,2.667974488325039473e-01,2.705354513204861755e-01
3.050000000000000000e+02,2.440331601116440263e-01,2.685500220607357491e-01,2.606206465901618197e-01,2.735248828403033516e-01,2.836319496997126710e-01,2.679941146524486562e-01,2.749919030663847130e-01,2.583155565918726082e-01,2.656263998758349176e-01,2.672299143122913723e-01
3.060000000000000000e+02,2.469804096171912544e-01,2.707006168651759359e-01,2.637628583911370006e-01,2.761050457499125699e-01,2.870432378723083433e-01,2.692229369640676828e-01,2.741598176528391995e-01,2.640812477614785103e-01,2.686456251428144260e-01,2.640404823861770001e-01
3.070000000000000000e+02,2.460957035458765374e-01,2.652521137170538168e-01,2.628185652913118675e-01,2.665175904559343723e-01,2.930098235108362648e-01,2.712816027394556184e-01,2.648004570024611870e-01,2.648196267648301738e-01,2.701481301468952045e-01,2.651244871344513587e-01
3.080000000000000000e+02,2.441382062319940593e-01,2.703450252863752179e-01,2.693872055711519775e-01,2.679715186475130073e-01,2.948374257541386823e-01,2.615354209818169795e-01,2.673020851151860500e-01,2.604793965471840500e-01,2.676366238236492778e-01,2.638459066327185631e-01
3.090000000000000000e+02,2.391394662246882352e-01,2.650934020621120157e-01,2.663513358741542159e-01,2.715655826875586487e-01,2.941541891403319786e-01,2.591837615661942151e-01,2.654121126705822897e-01,2.536774514053346530e-01,2.683140950881083286e-01,2.638430946984727798e-01
3.100000000000000000e+02,2.428304980036924687e-01,2.672802910385720376e-01,2.648082863617702842e-01,2.696127844600993972e-01,2.915986346076075986e-01,2.600250350481420614e-01,2.636040611910959730e-01,2.520981776937775143e-01,2.688340809730281888e-01,2.632399200530538552e-01
3.110000000000000000e+02,2.424676521194399081e-01,2.745966881634239742e-01,2.663448076059229952e-01,2.689305327223208142e-01,2.878511733986193200e-01,2.598098047984589987e-01,2.642494936804667960e-01,2.554478968975585906e-01,2.640638617880512462e-01,2.712681539334856340e-01
3.120000000000000000e+02,2.536681808924613479e-01,2.664004129312734781e-01,2.627026717063017380e-01,2.700847621666446208e-01,2.889047126465047466e-01,2.586102834441745824e-01,2.644938827867509556e-01,2.564476501460027924e-01,2.615302955114786054e-01,2.715519348065434380e-01
3.130000000000000000e+02,2.460551135708314852e-01,2.648609240310855206e-01,2.590845009051630510e-01,2.725284366982907991e-01,2.988291927709564311e-01,2.600677082239687410e-01,2.659447317566447921e-01,2.557964755587130989e-01,2.651394931751130390e-01,2.758694359906336824e-01
3.140000000000000000e+02,2.479289614759939142e-01,2.596720053022386065e-01,2.621563267036184364e-01,2.754270074338761587e-01,2.953983067705182597e-01,2.584472901232530151e-01,2.602173560227098448e-01,2.600311297886280792e-01,2.598562332035538880e-01,2.744570400132501087e-01
3.150000000000000000e+02,2.449366753931994101e-01,2.551118389363408179e-01,2.613005627598161129e-01,2.774872464018347529e-01,3.002013064135564124e-01,2.621056679471612805e-01,2.673391039727072704e-01,2.622477311804423672e-01,2.595260872928373819e-01,2.703868650712220045e-01
3.160000000000000000e+02,2.504723556331208689e-01,2.537393950592260472e-01,2.580411177972267156e-01,2.737686235327915774e-01,2.946764058902515693e-01,2.626601013130323015e-01,2.674238779893004514e-01,2.652905852542072340e-01,2.583220695594806715e-01,2.632420692674909413e-01
3.170000000000000000e+02,2.543269031929730195e-01,2.606950224901835034e-01,2.550737490674271912e-01,2.633138430570575172e-01,2.959690239154538771e-01,2.698778638581084688e-01,2.700098400768152773e-01,2.690117439832511725e-01,2.637248939831321470e-01,2.671942660915083700e-01
3.180000000000000000e+02,2.461487035630616771e-01,2.576069350433192739e-01,2.599765075926717683e-01,2.637317738504663667e-01,2.912159694381299402e-01,2.636967061464021711e-01,2.737111208944077445e-01,2.593173847952234823e-01,2.676606140005706180e-01,2.702208748843678565e-01
3.190000000000000000e+02,2.477920131712550433e-01,2.604876525917161345e-01,2.670027882987905943e-01,2.687464022497883520e-01,2.934039096704913474e-01,2.653255047387466092e-01,2.728298248915345114e-01,2.588842807822309133e-01,2.699711979520241778e-01,2.617719627854560027e-01
3.200000000000000000e+02,2.498191647209394017e-01,2.615375839112526468e-01,2.586804296834924188e-01,2.699909410727163728e-01,2.931570615565994298e-01,2.571473869749584251e-01,2.692001172287709077e-01,2.608240587572218105e-01,2.668286197593720543e-01,2.687233668791079166e-01
3.210000000000000000e+02,2.475295621927866563e-01,2.602331531621245864e-01,2.632813866949580417e-01,2.660265798246718716e-01,2.898304200966086985e-01,2.639806657583768090e-01,2.671820642875678553e-01,2.566483388187529857e-01,2.646563173197656882e-01,2.726454661572880189e-01
3.220000000000000000e+02,2.493449786322364248e-01,2.669866388204773511e-01,2.692670036689674418e-01,2.659027583735966149e-01,2.876969386115389993e-01,2.680376556967104529e-01,2.588461444083992591e-01,2.558489387129571080e-01,2.628331612900212111e-01,2.651957485785350066e-01
3.230000000000000000e+02,2.508282016188435604e-01,2.697877567221850237e-01,2.664563535520659832e-01,2.661713304939059554e-01,2.882904911714949669e-01,2.685623044650424784e-01,2.522270132629812478e-01,2.607538479068220449e-01,2.621877053501478483e-01,2.594257616617640094e-01
3.240000000000000000e+02,2.489999891527285847e-01,2.678086301913874534e-01,2.614050425418033008e-01,2.639536729093322487e-01,2.912079289886741473e-01,2.649116693235964437e-01,2.570280803960200977e-01,2.613226312574082888e-01,2.589769251651564685e-01,2.629483520530642715e-01
3.250000000000000000e+02,2.493789584096122169e-01,2.708808966811636076e-01,2.584004976301751966e-01,2.624346953932942261e-01,2.908633213692692898e-01,2.593940481421611599e-01,2.617013537613680496e-01,2.620672726153411292e-01,2.583339533078916617e-01,2.623443637850983445e-01
3.260000000000000000e+02,2.561528572508439683e-01,2.692283313583241910e-01,2.645328706507664718e-01,2.650131406420411784e-01,2.954544340676976688e-01,2.634806361690246734e-01,2.583957564698468601e-01,2.588886867688889315e-01,2.638370423751025817e-01,2.634871279848978176e-01
3.270000000000000000e+02,2.548896818973019340e-01,2.698310492002299332e-01,2.567099937985867775e-01,2.613135287939238882e-01,2.927572919578138033e-01,2.643348436699118897e-01,2.693188365026579212e-01,2.602415356334710772e-01,2.634578793070023739e-01,2.660197538749096702e-01
3.280000000000000000e+02,2.509109768847349597e-01,2.642127219155024909e-01,2.642114690452808112e-01,2.626640697133590385e-01,2.924494288409377196e-01,2.642888815904303468e-01,2.644528083039587862e-01,2.587184364653195567e-01,2.614723150876739344e-01,2.691213034901289158e-01
3.290000000000000000e+02,2.528196140625579291e-01,2.643338499670826458e-01,2.644625738764098122e-01,2.572779526588785393e-01,2.936895192118346154e-01,2.616255878591350337e-01,2.604719035821981832e-01,2.600993548117926935e-01,2.578831585986656183e-01,2.680006172423061162e-01
3.300000000000000000e+02,2.465734796008231533e-01,2.657922639159108202e-01,2.607492548022418699e-01,2.549569218407861659e-01,2.964192047526300611e-01,2.598325108165759345e-01,2.634634292616343521e-01,2.617900497905631951e-01,2.605517005733958280e-01,2.651002415385556032e-01
3.310000000000000000e+02,2.444042330661820583e-01,2.694758950256387897e-01,2.583588802655061856e-01,2.556826577878130724e-01,2.921095917355131522e-01,2.559772250047470110e-01,2.646533315198545400e-01,2.573611194688389947e-01,2.642464484816843817e-01,2.619926553903285105e-01
3.320000000000000000e+02,2.485276664526684109e-01,2.659281397116417534e-01,2.579347312467891173e-01,2.585210770170526251e-01,2.844492007964243840e-01,2.533947944177999401e-01,2.626919002946502824e-01,2.534184212802584324e-01,2.620757849787956895e-01,2.716551900386544594e-01
3.330000000000000000e+02,2.425686132067354228e-01,2.629886980292085452e-01,2.604522223126802816e-01,2.540803724119578000e-01,2.851961221735404006e-01,2.548932613443039563e-01,2.682712805599261618e-01,2.503691428154927734e-01,2.552158895976029962e-01,2.671238975515487502e-01
3.340000000000000000e+02,2.478974541062014814e-01,2.580985247482168732e-01,2.612827316354086049e-01,2.530174663736293184e-01,2.769876975030942101e-01,2.632572992726128769e-01,2.669793281598892287e-01,2.523060027654326909e-01,2.541298103843009915e-01,2.635106113823659779e-01
3.350000000000000000e+02,2.458413757719916382e-01,2.661765102052815468e-01,2.579967995749762322e-01,2.624860753464418051e-01,2.762149421244314285e-01,2.684388114741264597e-01,2.651484994562041120e-01,2.513576857104727891e-01,2.532877502500724409e-01,2.642962652410721924e-01
3.360000000000000000e+02,2.412841151586083421e-01,2.630815804078608933e-01,2.642155605669935237e-01,2.615177364234336777e-01,2.738344052913167515e-01,2.677484740021506271e-01,2.610027402200695290e-01,2.493232002867513675e-01,2.584672409877028509e-01,2.701984343001175848e-01
3.370000000000000000e+02,2.456748369216506522e-01,2.692549793461586072e-01,2.603437959801562784e-01,2.593993696699946061e-01,2.746359996293566974e-01,2.686440040143006636e-01,2.606206878854772091e-01,2.410394378949542449e-01,2.514697143391865231e-01,2.642188670993009803e-01
3.380000000000000000e+02,2.430866938385290443e-01,2.691293206268016713e-01,2.688231053641550461e-01,2.582126424313706536e-01,2.789092149880661453e-01,2.683377249627116323e-01,2.562446193395265248e-01,2.395269560636917316e-01,2.547951717848804254e-01,2.586193994083159642e-01
3.390000000000000000e+02,2.416515311325423132e-01,2.750958301412870233e-01,2.685634240770852776e-01,2.550448460348516133e-01,2.875686344231008773e-01,2.671008019001981926e-01,2.588022187499491311e-01,2.426122691195912451e-01,2.636653836450467692e-01,2.634673811823955436e-01
3.400000000000000000e+02,2.476637155933057444e-01,2.726756982322820488e-01,2.623256176199026402e-01,2.583483199113189022e-01,2.859157594851249318e-01,2.726564150313176005e-01,2.618598155053464271e-01,2.465636229433193216e-01,2.605170093984905955e-01,2.579861357945208433e-01
